layer_id,read_ms,staging_ms,h2d_ms,compute_ms,bubble_ms,prefetch_wait_ms,prefetch_hits,chunk_reads,layer_cache_hits,ngram_hits,total_ms
0,8.6935,7.5936,0.0000,51.0080,0.0000,17.9484,0,35,0,0,67.2951
1,0.0000,0.0000,0.0000,16.8529,0.0000,16.6740,33,0,0,0,16.8529
2,0.0000,0.0000,0.0000,3.4516,0.0000,18.1495,33,0,0,0,3.4516
3,0.0000,0.0000,0.0000,3.0225,0.0000,15.9038,33,0,0,0,3.0225
4,0.0000,0.0000,0.0000,3.3249,0.0000,15.3253,33,0,0,0,3.3249
5,0.0000,0.0000,0.0000,3.4829,0.0000,16.1289,33,0,0,0,3.4829
6,0.0000,0.0000,0.0000,3.1819,0.0000,16.3701,33,0,0,0,3.1819
7,0.0000,0.0000,0.0000,3.5056,0.0000,15.2939,33,0,0,0,3.5056
8,0.0000,0.0000,0.0000,3.3689,0.0000,15.7523,33,0,0,0,3.3689
9,0.0000,0.0000,0.0000,2.7485,0.0000,17.4916,33,0,0,0,2.7485
10,0.0000,0.0000,0.0000,3.0946,0.0000,10.4087,33,0,0,0,3.0946
11,0.0000,0.0000,0.0000,2.9548,0.0000,0.0000,33,0,0,0,2.9548
0,3.2055,5.8955,0.0000,3.8335,0.0000,12.9779,0,35,0,0,12.9345
1,0.0000,0.0000,0.0000,3.4968,0.0000,12.0399,33,0,0,0,3.4968
2,0.0000,0.0000,0.0000,3.4483,0.0000,9.3351,33,0,0,0,3.4483
3,0.0000,0.0000,0.0000,3.2052,0.0000,10.6342,33,0,0,0,3.2052
4,0.0000,0.0000,0.0000,3.5536,0.0000,11.4936,33,0,0,0,3.5536
5,0.0000,0.0000,0.0000,3.9012,0.0000,10.5984,33,0,0,0,3.9012
6,0.0000,0.0000,0.0000,3.7413,0.0000,12.5791,33,0,0,0,3.7413
7,0.0000,0.0000,0.0000,3.3831,0.0000,11.4911,33,0,0,0,3.3831
8,0.0000,0.0000,0.0000,3.1083,0.0000,11.1081,33,0,0,0,3.1083
9,0.0000,0.0000,0.0000,3.5326,0.0000,12.6669,33,0,0,0,3.5326
10,0.0000,0.0000,0.0000,3.1773,0.0000,10.4693,33,0,0,0,3.1773
11,0.0000,0.0000,0.0000,3.2127,0.0000,0.0000,33,0,0,0,3.2127
0,3.6402,6.3404,0.0000,3.5852,0.0000,12.5261,0,35,0,0,13.5658
1,0.0000,0.0000,0.0000,3.5866,0.0000,11.6057,33,0,0,0,3.5866
2,0.0000,0.0000,0.0000,2.9482,0.0000,12.1363,33,0,0,0,2.9482
3,0.0000,0.0000,0.0000,2.8778,0.0000,11.4674,33,0,0,0,2.8778
4,0.0000,0.0000,0.0000,3.2983,0.0000,12.4032,33,0,0,0,3.2983
5,0.0000,0.0000,0.0000,3.3200,0.0000,11.8917,33,0,0,0,3.3200
6,0.0000,0.0000,0.0000,3.1636,0.0000,11.5821,33,0,0,0,3.1636
7,0.0000,0.0000,0.0000,3.1096,0.0000,13.0263,33,0,0,0,3.1096
8,0.0000,0.0000,0.0000,3.1388,0.0000,10.7407,33,0,0,0,3.1388
9,0.0000,0.0000,0.0000,3.1429,0.0000,10.3356,33,0,0,0,3.1429
10,0.0000,0.0000,0.0000,3.3919,0.0000,11.5051,33,0,0,0,3.3919
11,0.0000,0.0000,0.0000,3.4677,0.0000,0.0000,33,0,0,0,3.4677
0,3.1552,6.4359,0.0000,3.1213,0.0000,11.0235,0,35,0,0,12.7124
1,0.0000,0.0000,0.0000,3.5487,0.0000,10.8700,33,0,0,0,3.5487
2,0.0000,0.0000,0.0000,3.1614,0.0000,12.7575,33,0,0,0,3.1614
3,0.0000,0.0000,0.0000,3.0308,0.0000,10.9163,33,0,0,0,3.0308
4,0.0000,0.0000,0.0000,3.0587,0.0000,10.8372,33,0,0,0,3.0587
5,0.0000,0.0000,0.0000,2.9270,0.0000,10.4272,33,0,0,0,2.9270
6,0.0000,0.0000,0.0000,2.9654,0.0000,10.0055,33,0,0,0,2.9654
7,0.0000,0.0000,0.0000,3.1555,0.0000,10.7506,33,0,0,0,3.1555
8,0.0000,0.0000,0.0000,3.4611,0.0000,10.9700,33,0,0,0,3.4611
9,0.0000,0.0000,0.0000,3.5297,0.0000,11.4907,33,0,0,0,3.5297
10,0.0000,0.0000,0.0000,3.2247,0.0000,10.5311,33,0,0,0,3.2247
11,0.0000,0.0000,0.0000,3.6693,0.0000,0.0000,33,0,0,0,3.6693
0,3.7086,6.0910,0.0000,3.1880,0.0000,11.3518,0,35,0,0,12.9876
1,0.0000,0.0000,0.0000,3.2769,0.0000,12.0692,33,0,0,0,3.2769
2,0.0000,0.0000,0.0000,3.3871,0.0000,11.3416,33,0,0,0,3.3871
3,0.0000,0.0000,0.0000,3.0547,0.0000,10.3249,33,0,0,0,3.0547
4,0.0000,0.0000,0.0000,2.8068,0.0000,11.1746,33,0,0,0,2.8068
5,0.0000,0.0000,0.0000,3.2424,0.0000,10.7047,33,0,0,0,3.2424
6,0.0000,0.0000,0.0000,2.7984,0.0000,11.1287,33,0,0,0,2.7984
7,0.0000,0.0000,0.0000,3.0865,0.0000,10.3432,33,0,0,0,3.0865
8,0.0000,0.0000,0.0000,2.9283,0.0000,11.2760,33,0,0,0,2.9283
9,0.0000,0.0000,0.0000,3.4391,0.0000,11.3526,33,0,0,0,3.4391
10,0.0000,0.0000,0.0000,3.6890,0.0000,11.0315,33,0,0,0,3.6890
11,0.0000,0.0000,0.0000,3.2446,0.0000,0.0000,33,0,0,0,3.2446
0,3.3525,6.2182,0.0000,3.3724,0.0000,9.8441,0,35,0,0,12.9431
1,0.0000,0.0000,0.0000,3.2516,0.0000,11.1184,33,0,0,0,3.2516
2,0.0000,0.0000,0.0000,3.1072,0.0000,11.4899,33,0,0,0,3.1072
3,0.0000,0.0000,0.0000,3.3186,0.0000,10.7062,33,0,0,0,3.3186
4,0.0000,0.0000,0.0000,3.9650,0.0000,12.1378,33,0,0,0,3.9650
5,0.0000,0.0000,0.0000,3.2047,0.0000,11.2285,33,0,0,0,3.2047
6,0.0000,0.0000,0.0000,3.7545,0.0000,11.0522,33,0,0,0,3.7545
7,0.0000,0.0000,0.0000,3.3320,0.0000,10.1957,33,0,0,0,3.3320
8,0.0000,0.0000,0.0000,3.4363,0.0000,10.8756,33,0,0,0,3.4363
9,0.0000,0.0000,0.0000,3.3316,0.0000,11.0369,33,0,0,0,3.3316
10,0.0000,0.0000,0.0000,3.5897,0.0000,11.8530,33,0,0,0,3.5897
11,0.0000,0.0000,0.0000,3.1781,0.0000,0.0000,33,0,0,0,3.1781
0,3.1624,5.9722,0.0000,3.1874,0.0000,11.6042,0,35,0,0,12.3220
1,0.0000,0.0000,0.0000,3.2850,0.0000,9.7822,33,0,0,0,3.2850
2,0.0000,0.0000,0.0000,3.1299,0.0000,10.3340,33,0,0,0,3.1299
3,0.0000,0.0000,0.0000,3.2139,0.0000,11.0393,33,0,0,0,3.2139
4,0.0000,0.0000,0.0000,3.0568,0.0000,11.0832,33,0,0,0,3.0568
5,0.0000,0.0000,0.0000,3.6275,0.0000,10.5184,33,0,0,0,3.6275
6,0.0000,0.0000,0.0000,2.9208,0.0000,11.2333,33,0,0,0,2.9208
7,0.0000,0.0000,0.0000,3.0061,0.0000,10.4307,33,0,0,0,3.0061
8,0.0000,0.0000,0.0000,3.1858,0.0000,10.1765,33,0,0,0,3.1858
9,0.0000,0.0000,0.0000,3.2105,0.0000,11.0985,33,0,0,0,3.2105
10,0.0000,0.0000,0.0000,3.1635,0.0000,12.8215,33,0,0,0,3.1635
11,0.0000,0.0000,0.0000,2.8212,0.0000,0.0000,33,0,0,0,2.8212
0,3.1251,6.0648,0.0000,3.6947,0.0000,11.3587,0,35,0,0,12.8846
1,0.0000,0.0000,0.0000,4.2728,0.0000,11.2252,33,0,0,0,4.2728
2,0.0000,0.0000,0.0000,3.2450,0.0000,11.3261,33,0,0,0,3.2450
3,0.0000,0.0000,0.0000,2.9320,0.0000,10.7996,33,0,0,0,2.9320
4,0.0000,0.0000,0.0000,3.2487,0.0000,11.2593,33,0,0,0,3.2487
5,0.0000,0.0000,0.0000,2.8949,0.0000,11.0366,33,0,0,0,2.8949
6,0.0000,0.0000,0.0000,2.9205,0.0000,9.9256,33,0,0,0,2.9205
7,0.0000,0.0000,0.0000,2.7383,0.0000,10.8288,33,0,0,0,2.7383
8,0.0000,0.0000,0.0000,3.3601,0.0000,11.0366,33,0,0,0,3.3601
9,0.0000,0.0000,0.0000,3.0140,0.0000,12.1259,33,0,0,0,3.0140
10,0.0000,0.0000,0.0000,3.2404,0.0000,12.0058,33,0,0,0,3.2404
11,0.0000,0.0000,0.0000,3.0104,0.0000,0.0000,33,0,0,0,3.0104
0,3.2372,6.7536,0.0000,3.8096,0.0000,11.4962,0,35,0,0,13.8004
1,0.0000,0.0000,0.0000,3.6964,0.0000,11.6434,33,0,0,0,3.6964
2,0.0000,0.0000,0.0000,3.2434,0.0000,9.8124,33,0,0,0,3.2434
3,0.0000,0.0000,0.0000,2.8770,0.0000,10.3181,33,0,0,0,2.8770
4,0.0000,0.0000,0.0000,3.2001,0.0000,11.6826,33,0,0,0,3.2001
5,0.0000,0.0000,0.0000,3.4255,0.0000,9.4621,33,0,0,0,3.4255
6,0.0000,0.0000,0.0000,3.2406,0.0000,9.6197,33,0,0,0,3.2406
7,0.0000,0.0000,0.0000,3.1593,0.0000,11.6002,33,0,0,0,3.1593
8,0.0000,0.0000,0.0000,3.1115,0.0000,10.8562,33,0,0,0,3.1115
9,0.0000,0.0000,0.0000,2.9303,0.0000,11.8143,33,0,0,0,2.9303
10,0.0000,0.0000,0.0000,3.0673,0.0000,11.2341,33,0,0,0,3.0673
11,0.0000,0.0000,0.0000,3.0047,0.0000,0.0000,33,0,0,0,3.0047
0,3.2037,6.1171,0.0000,2.9484,0.0000,12.0592,0,35,0,0,12.2692
1,0.0000,0.0000,0.0000,4.1659,0.0000,11.1163,33,0,0,0,4.1659
2,0.0000,0.0000,0.0000,3.0804,0.0000,10.7397,33,0,0,0,3.0804
3,0.0000,0.0000,0.0000,2.9932,0.0000,11.4564,33,0,0,0,2.9932
4,0.0000,0.0000,0.0000,2.9691,0.0000,11.6064,33,0,0,0,2.9691
5,0.0000,0.0000,0.0000,3.6687,0.0000,10.2289,33,0,0,0,3.6687
6,0.0000,0.0000,0.0000,3.9234,0.0000,10.7631,33,0,0,0,3.9234
7,0.0000,0.0000,0.0000,3.2328,0.0000,10.9034,33,0,0,0,3.2328
8,0.0000,0.0000,0.0000,3.0560,0.0000,10.7651,33,0,0,0,3.0560
9,0.0000,0.0000,0.0000,3.0798,0.0000,12.6908,33,0,0,0,3.0798
10,0.0000,0.0000,0.0000,2.8054,0.0000,10.4811,33,0,0,0,2.8054
11,0.0000,0.0000,0.0000,3.1188,0.0000,0.0000,33,0,0,0,3.1188
0,3.4026,6.3840,0.0000,3.2321,0.0000,10.8232,0,35,0,0,13.0187
1,0.0000,0.0000,0.0000,3.7821,0.0000,10.6328,33,0,0,0,3.7821
2,0.0000,0.0000,0.0000,4.3172,0.0000,9.9346,33,0,0,0,4.3172
3,0.0000,0.0000,0.0000,3.5289,0.0000,11.2419,33,0,0,0,3.5289
4,0.0000,0.0000,0.0000,3.1692,0.0000,11.1050,33,0,0,0,3.1692
5,0.0000,0.0000,0.0000,3.6671,0.0000,11.7070,33,0,0,0,3.6671
6,0.0000,0.0000,0.0000,4.6011,0.0000,12.1911,33,0,0,0,4.6011
7,0.0000,0.0000,0.0000,4.1184,0.0000,12.3512,33,0,0,0,4.1184
8,0.0000,0.0000,0.0000,3.2378,0.0000,11.4792,33,0,0,0,3.2378
9,0.0000,0.0000,0.0000,3.2370,0.0000,10.6079,33,0,0,0,3.2370
10,0.0000,0.0000,0.0000,3.2446,0.0000,10.8453,33,0,0,0,3.2446
11,0.0000,0.0000,0.0000,3.1253,0.0000,0.0000,33,0,0,0,3.1253
0,3.2393,6.6459,0.0000,3.9456,0.0000,12.8459,0,35,0,0,13.8308
1,0.0000,0.0000,0.0000,3.2208,0.0000,10.9811,33,0,0,0,3.2208
2,0.0000,0.0000,0.0000,3.1153,0.0000,9.9529,33,0,0,0,3.1153
3,0.0000,0.0000,0.0000,3.0759,0.0000,10.4185,33,0,0,0,3.0759
4,0.0000,0.0000,0.0000,2.9368,0.0000,11.6013,33,0,0,0,2.9368
5,0.0000,0.0000,0.0000,3.0425,0.0000,9.8541,33,0,0,0,3.0425
6,0.0000,0.0000,0.0000,3.2537,0.0000,10.9506,33,0,0,0,3.2537
7,0.0000,0.0000,0.0000,3.2197,0.0000,10.4840,33,0,0,0,3.2197
8,0.0000,0.0000,0.0000,3.2485,0.0000,12.0652,33,0,0,0,3.2485
9,0.0000,0.0000,0.0000,3.1252,0.0000,9.7651,33,0,0,0,3.1252
10,0.0000,0.0000,0.0000,2.9272,0.0000,10.5814,33,0,0,0,2.9272
11,0.0000,0.0000,0.0000,3.0416,0.0000,0.0000,33,0,0,0,3.0416
0,3.4579,6.0818,0.0000,3.3430,0.0000,11.8225,0,35,0,0,12.8827
1,0.0000,0.0000,0.0000,3.6281,0.0000,10.6357,33,0,0,0,3.6281
2,0.0000,0.0000,0.0000,3.0448,0.0000,13.7299,33,0,0,0,3.0448
3,0.0000,0.0000,0.0000,3.2301,0.0000,11.7625,33,0,0,0,3.2301
4,0.0000,0.0000,0.0000,3.7276,0.0000,10.5130,33,0,0,0,3.7276
5,0.0000,0.0000,0.0000,3.4849,0.0000,12.5002,33,0,0,0,3.4849
6,0.0000,0.0000,0.0000,3.4691,0.0000,10.0049,33,0,0,0,3.4691
7,0.0000,0.0000,0.0000,3.0720,0.0000,11.2830,33,0,0,0,3.0720
8,0.0000,0.0000,0.0000,3.0890,0.0000,12.6605,33,0,0,0,3.0890
9,0.0000,0.0000,0.0000,3.1621,0.0000,11.1049,33,0,0,0,3.1621
10,0.0000,0.0000,0.0000,3.2351,0.0000,11.1820,33,0,0,0,3.2351
11,0.0000,0.0000,0.0000,3.0633,0.0000,0.0000,33,0,0,0,3.0633
0,3.4287,6.7598,0.0000,3.5371,0.0000,10.6073,0,35,0,0,13.7256
1,0.0000,0.0000,0.0000,3.0866,0.0000,10.0560,33,0,0,0,3.0866
2,0.0000,0.0000,0.0000,3.2608,0.0000,11.6549,33,0,0,0,3.2608
3,0.0000,0.0000,0.0000,3.0386,0.0000,10.8675,33,0,0,0,3.0386
4,0.0000,0.0000,0.0000,3.2982,0.0000,12.0091,33,0,0,0,3.2982
5,0.0000,0.0000,0.0000,2.9811,0.0000,12.2033,33,0,0,0,2.9811
6,0.0000,0.0000,0.0000,3.0929,0.0000,10.0262,33,0,0,0,3.0929
7,0.0000,0.0000,0.0000,3.0931,0.0000,10.9609,33,0,0,0,3.0931
8,0.0000,0.0000,0.0000,3.1734,0.0000,11.3024,33,0,0,0,3.1734
9,0.0000,0.0000,0.0000,2.7586,0.0000,10.4897,33,0,0,0,2.7586
10,0.0000,0.0000,0.0000,3.3536,0.0000,11.4926,33,0,0,0,3.3536
11,0.0000,0.0000,0.0000,3.5547,0.0000,0.0000,33,0,0,0,3.5547
0,3.7113,6.4271,0.0000,3.2535,0.0000,11.6930,0,35,0,0,13.3919
1,0.0000,0.0000,0.0000,3.1446,0.0000,10.7765,33,0,0,0,3.1446
2,0.0000,0.0000,0.0000,4.1374,0.0000,11.4035,33,0,0,0,4.1374
3,0.0000,0.0000,0.0000,3.8087,0.0000,9.6857,33,0,0,0,3.8087
4,0.0000,0.0000,0.0000,3.7931,0.0000,11.5704,33,0,0,0,3.7931
5,0.0000,0.0000,0.0000,3.0479,0.0000,11.7038,33,0,0,0,3.0479
6,0.0000,0.0000,0.0000,3.4924,0.0000,10.3630,33,0,0,0,3.4924
7,0.0000,0.0000,0.0000,3.0681,0.0000,10.8908,33,0,0,0,3.0681
8,0.0000,0.0000,0.0000,4.5146,0.0000,9.0174,33,0,0,0,4.5146
9,0.0000,0.0000,0.0000,4.5170,0.0000,11.3664,33,0,0,0,4.5170
10,0.0000,0.0000,0.0000,3.2074,0.0000,11.4080,33,0,0,0,3.2074
11,0.0000,0.0000,0.0000,2.8326,0.0000,0.0000,33,0,0,0,2.8326
0,3.2010,6.6776,0.0000,2.5321,0.0000,12.1466,0,35,0,0,12.4107
1,0.0000,0.0000,0.0000,3.5500,0.0000,11.5220,33,0,0,0,3.5500
2,0.0000,0.0000,0.0000,3.2694,0.0000,10.6465,33,0,0,0,3.2694
3,0.0000,0.0000,0.0000,2.9402,0.0000,12.6892,33,0,0,0,2.9402
4,0.0000,0.0000,0.0000,2.9391,0.0000,12.2732,33,0,0,0,2.9391
5,0.0000,0.0000,0.0000,3.0792,0.0000,11.3472,33,0,0,0,3.0792
6,0.0000,0.0000,0.0000,3.8259,0.0000,12.0922,33,0,0,0,3.8259
7,0.0000,0.0000,0.0000,3.3276,0.0000,10.8659,33,0,0,0,3.3276
8,0.0000,0.0000,0.0000,3.0678,0.0000,11.8926,33,0,0,0,3.0678
9,0.0000,0.0000,0.0000,3.5431,0.0000,10.9610,33,0,0,0,3.5431
10,0.0000,0.0000,0.0000,3.1719,0.0000,11.3119,33,0,0,0,3.1719
11,0.0000,0.0000,0.0000,4.1899,0.0000,0.0000,33,0,0,0,4.1899
0,3.2314,6.7803,0.0000,3.1054,0.0000,10.7526,0,35,0,0,13.1171
1,0.0000,0.0000,0.0000,3.8761,0.0000,10.5641,33,0,0,0,3.8761
2,0.0000,0.0000,0.0000,3.1500,0.0000,12.5039,33,0,0,0,3.1500
3,0.0000,0.0000,0.0000,3.0042,0.0000,10.7118,33,0,0,0,3.0042
4,0.0000,0.0000,0.0000,3.3014,0.0000,10.9800,33,0,0,0,3.3014
5,0.0000,0.0000,0.0000,2.9611,0.0000,9.9709,33,0,0,0,2.9611
6,0.0000,0.0000,0.0000,2.5974,0.0000,11.1108,33,0,0,0,2.5974
7,0.0000,0.0000,0.0000,3.2474,0.0000,11.2356,33,0,0,0,3.2474
8,0.0000,0.0000,0.0000,3.6933,0.0000,10.1886,33,0,0,0,3.6933
9,0.0000,0.0000,0.0000,3.5621,0.0000,11.0084,33,0,0,0,3.5621
10,0.0000,0.0000,0.0000,2.8859,0.0000,12.2015,33,0,0,0,2.8859
11,0.0000,0.0000,0.0000,3.1495,0.0000,0.0000,33,0,0,0,3.1495
