batch_size,total_tok_s,per_user_tok_s,latency_ms,bottleneck,gpu_util_pct,io_ms,compute_ms,overhead_ms
1,201.0710460549804,201.0710460549804,4.973366477272727,IO-bound,13.745091038914675,15.909090909090908,2.734375,1.25
2,353.8950590279557,176.94752951397786,5.6513928323650635,IO-bound,21.803091793480714,15.909090909090908,4.928713467402978,1.7677669529663689
4,586.2287216928534,146.55718042321334,6.823275373559309,IO-bound,32.55038855522568,15.909090909090908,8.884010585146326,2.5
8,902.4745880564707,112.80932350705883,8.864515528607232,Balanced,45.16162571921532,15.909090909090908,16.01343729940528,3.5355339059327378
16,1143.757891950057,71.48486824687856,13.988974513409218,Compute-bound,62.632909780040755,15.909090909090908,35.046807144545966,5.0
32,1433.486904671059,44.79646577097059,22.323189626446577,Compute-bound,74.26425266113014,15.909090909090908,66.31259978482993,7.0710678118654755
64,1691.1065125481168,26.423539258564325,37.845043777618955,Compute-bound,82.88475298024811,15.909090909090908,125.47108420138491,10.0
128,1539.2049749705432,12.025038866957368,83.15981437264367,Compute-bound,90.9658208235769,15.909090909090908,302.5880309577528,14.142135623730951
256,1628.9370238026893,6.363035249229255,157.15770239071495,Compute-bound,94.28772971944193,15.909090909090908,592.7217186537689,20.0
512,1699.2455990868277,3.3188390607164604,301.31018157419277,Compute-bound,95.0,15.909090909090908,1161.0473641402182,28.284271247461902
