Hardware_Tier,Model,MoE,Batch,FP16_GB,Compressed_GB,Effective_Payload_GB,SSD_BW_GBs,T_IO_ms,T_Host_ms,T_Decompress_ms,T_Compute_ms,T_Pipelined_ms,Bottleneck,IO_Pct,Host_Pct,Decompress_Pct,Compute_Pct,MTP_Tokens/Sweep,Spec_Cache_Factor,MoE_Factor,TokPerS_Total,TokPerS_PerUser
Consumer_1xGen4,Mamba_7B,False,1,14.0,0.8,0.2,5.8,4.91,0.48,0.93,7.07,35.21,Compute-bound (matmul),10.0,1.0,1.9,14.4,3.11,1.88,1.00,165.67,165.67
Consumer_1xGen4,Mamba_7B,False,2,14.0,0.8,0.2,5.8,4.91,0.96,0.93,11.48,39.01,Compute-bound (matmul),9.1,1.8,1.7,21.2,3.11,1.88,1.00,149.50,74.75
Consumer_1xGen4,Mamba_7B,False,4,14.0,0.8,0.2,5.8,4.91,1.92,0.93,18.65,45.20,Compute-bound (matmul),7.8,3.1,1.5,29.7,3.11,1.88,1.00,129.05,32.26
Consumer_1xGen4,Mamba_7B,False,8,14.0,0.8,0.2,5.8,4.91,3.84,0.93,30.30,55.24,Compute-bound (matmul),6.4,5.0,1.2,39.4,3.11,1.88,1.00,105.58,13.20
Consumer_1xGen4,Mamba_7B,False,16,14.0,0.8,0.2,5.8,4.91,7.68,0.93,49.23,71.56,Compute-bound (matmul),4.9,7.7,0.9,49.4,3.11,1.88,1.00,81.50,5.09
Consumer_1xGen4,Mamba_7B,False,32,14.0,0.8,0.2,5.8,4.91,15.36,0.93,79.97,98.07,Compute-bound (matmul),3.6,11.3,0.7,58.6,3.11,1.88,1.00,59.47,1.86
Consumer_1xGen4,Mamba_7B,False,64,14.0,0.8,0.2,5.8,4.91,30.72,0.93,129.91,141.14,Compute-bound (matmul),2.5,15.6,0.5,66.1,3.11,1.88,1.00,41.32,0.65
Consumer_1xGen4,Mamba_7B,False,128,14.0,0.8,0.2,5.8,4.91,61.44,0.93,211.04,211.11,Compute-bound (matmul),1.7,20.9,0.3,71.8,3.11,1.88,1.00,27.63,0.22
Consumer_1xGen4,Mamba_7B,False,256,14.0,0.8,0.2,5.8,4.91,122.88,0.93,342.84,324.77,Compute-bound (matmul),1.1,27.2,0.2,75.9,3.11,1.88,1.00,17.96,0.07
Consumer_1xGen4,Mamba_70B,False,1,140.0,8.4,1.7,5.8,49.14,1.20,9.33,70.68,97.40,Compute-bound (matmul),36.3,0.9,6.9,52.2,3.11,1.88,1.00,59.88,59.88
Consumer_1xGen4,Mamba_70B,False,2,140.0,8.4,1.7,5.8,49.14,2.40,9.33,114.83,135.47,Compute-bound (matmul),26.1,1.3,5.0,60.9,3.11,1.88,1.00,43.05,21.53
Consumer_1xGen4,Mamba_70B,False,4,140.0,8.4,1.7,5.8,49.14,4.80,9.33,186.54,197.31,Compute-bound (matmul),17.9,1.7,3.4,67.9,3.11,1.88,1.00,29.56,7.39
Consumer_1xGen4,Mamba_70B,False,8,140.0,8.4,1.7,5.8,49.14,9.60,9.33,303.03,297.77,Compute-bound (matmul),11.9,2.3,2.3,73.1,3.11,1.88,1.00,19.59,2.45
Consumer_1xGen4,Mamba_70B,False,16,140.0,8.4,1.7,5.8,49.14,19.20,9.33,492.27,460.97,Compute-bound (matmul),7.7,3.0,1.5,76.7,3.11,1.88,1.00,12.65,0.79
Consumer_1xGen4,Mamba_70B,False,32,140.0,8.4,1.7,5.8,49.14,38.40,9.33,799.70,726.09,Compute-bound (matmul),4.9,3.8,0.9,79.2,3.11,1.88,1.00,8.03,0.25
Consumer_1xGen4,Mamba_70B,False,64,140.0,8.4,1.7,5.8,49.14,76.80,9.33,1299.12,1156.78,Compute-bound (matmul),3.1,4.8,0.6,80.7,3.11,1.88,1.00,5.04,0.08
Consumer_1xGen4,Mamba_70B,False,128,140.0,8.4,1.7,5.8,49.14,153.60,9.33,2110.43,1856.43,Compute-bound (matmul),1.9,5.9,0.4,81.7,3.11,1.88,1.00,3.14,0.02
Consumer_1xGen4,Mamba_70B,False,256,140.0,8.4,1.7,5.8,49.14,307.20,9.33,3428.40,2993.02,Compute-bound (matmul),1.2,7.4,0.2,82.3,3.11,1.88,1.00,1.95,0.01
Consumer_1xGen4,Mamba_405B,False,1,810.0,48.6,10.1,5.8,284.31,1.89,54.00,408.96,425.39,Compute-bound (matmul),48.0,0.3,9.1,69.1,3.11,1.88,1.00,13.71,13.71
Consumer_1xGen4,Mamba_405B,False,2,810.0,48.6,10.1,5.8,284.31,3.78,54.00,664.36,645.64,Compute-bound (matmul),31.6,0.4,6.0,73.9,3.11,1.88,1.00,9.03,4.52
Consumer_1xGen4,Mamba_405B,False,4,810.0,48.6,10.1,5.8,284.31,7.56,54.00,1079.25,1003.43,Compute-bound (matmul),20.4,0.5,3.9,77.3,3.11,1.88,1.00,5.81,1.45
Consumer_1xGen4,Mamba_405B,False,8,810.0,48.6,10.1,5.8,284.31,15.12,54.00,1753.25,1584.67,Compute-bound (matmul),12.9,0.7,2.4,79.5,3.11,1.88,1.00,3.68,0.46
Consumer_1xGen4,Mamba_405B,False,16,810.0,48.6,10.1,5.8,284.31,30.24,54.00,2848.16,2528.90,Compute-bound (matmul),8.1,0.9,1.5,80.9,3.11,1.88,1.00,2.31,0.14
Consumer_1xGen4,Mamba_405B,False,32,810.0,48.6,10.1,5.8,284.31,60.48,54.00,4626.85,4062.81,Compute-bound (matmul),5.0,1.1,1.0,81.8,3.11,1.88,1.00,1.44,0.04
Consumer_1xGen4,Mamba_405B,False,64,810.0,48.6,10.1,5.8,284.31,120.96,54.00,7516.34,6554.64,Compute-bound (matmul),3.1,1.3,0.6,82.4,3.11,1.88,1.00,0.89,0.01
Consumer_1xGen4,Mamba_405B,False,128,810.0,48.6,10.1,5.8,284.31,241.92,54.00,12210.33,10602.64,Compute-bound (matmul),1.9,1.6,0.4,82.8,3.11,1.88,1.00,0.55,0.00
Consumer_1xGen4,Mamba_405B,False,256,810.0,48.6,10.1,5.8,284.31,483.84,54.00,19835.75,17178.63,Compute-bound (matmul),1.2,2.0,0.2,83.0,3.11,1.88,1.00,0.34,0.00
Consumer_1xGen4,Mamba_7B,False,1,14.0,0.8,0.2,5.8,4.91,0.48,4.20,25.67,53.85,Compute-bound (matmul),6.6,0.6,5.6,34.3,3.11,1.88,1.00,108.30,108.30
Consumer_1xGen4,Mamba_7B,False,2,14.0,0.8,0.2,5.8,4.91,0.96,4.20,41.70,67.68,Compute-bound (matmul),5.2,1.0,4.5,44.3,3.11,1.88,1.00,86.18,43.09
Consumer_1xGen4,Mamba_7B,False,4,14.0,0.8,0.2,5.8,4.91,1.92,4.20,67.74,90.13,Compute-bound (matmul),3.9,1.5,3.3,54.0,3.11,1.88,1.00,64.71,16.18
Consumer_1xGen4,Mamba_7B,False,8,14.0,0.8,0.2,5.8,4.91,3.84,4.20,110.04,126.62,Compute-bound (matmul),2.8,2.2,2.4,62.5,3.11,1.88,1.00,46.06,5.76
Consumer_1xGen4,Mamba_7B,False,16,14.0,0.8,0.2,5.8,4.91,7.68,4.20,178.76,185.88,Compute-bound (matmul),1.9,3.0,1.6,69.1,3.11,1.88,1.00,31.38,1.96
Consumer_1xGen4,Mamba_7B,False,32,14.0,0.8,0.2,5.8,4.91,15.36,4.20,290.40,282.15,Compute-bound (matmul),1.3,3.9,1.1,74.0,3.11,1.88,1.00,20.67,0.65
Consumer_1xGen4,Mamba_7B,False,64,14.0,0.8,0.2,5.8,4.91,30.72,4.20,471.76,438.55,Compute-bound (matmul),0.8,5.0,0.7,77.3,3.11,1.88,1.00,13.30,0.21
Consumer_1xGen4,Mamba_7B,False,128,14.0,0.8,0.2,5.8,4.91,61.44,4.20,766.38,692.62,Compute-bound (matmul),0.5,6.4,0.4,79.5,3.11,1.88,1.00,8.42,0.07
Consumer_1xGen4,Mamba_7B,False,256,14.0,0.8,0.2,5.8,4.91,122.88,4.20,1244.98,1105.36,Compute-bound (matmul),0.3,8.0,0.3,80.9,3.11,1.88,1.00,5.28,0.02
Consumer_1xGen4,Mamba_70B,False,1,140.0,8.4,1.7,5.8,49.14,1.20,42.00,256.68,283.88,Compute-bound (matmul),12.4,0.3,10.6,65.0,3.11,1.88,1.00,20.55,20.55
Consumer_1xGen4,Mamba_70B,False,2,140.0,8.4,1.7,5.8,49.14,2.40,42.00,416.98,422.12,Compute-bound (matmul),8.4,0.4,7.2,71.0,3.11,1.88,1.00,13.82,6.91
Consumer_1xGen4,Mamba_70B,False,4,140.0,8.4,1.7,5.8,49.14,4.80,42.00,677.39,646.69,Compute-bound (matmul),5.5,0.5,4.7,75.3,3.11,1.88,1.00,9.02,2.25
Consumer_1xGen4,Mamba_70B,False,8,140.0,8.4,1.7,5.8,49.14,9.60,42.00,1100.42,1011.50,Compute-bound (matmul),3.5,0.7,3.0,78.2,3.11,1.88,1.00,5.77,0.72
Consumer_1xGen4,Mamba_70B,False,16,140.0,8.4,1.7,5.8,49.14,19.20,42.00,1787.63,1604.14,Compute-bound (matmul),2.2,0.9,1.9,80.1,3.11,1.88,1.00,3.64,0.23
Consumer_1xGen4,Mamba_70B,False,32,140.0,8.4,1.7,5.8,49.14,38.40,42.00,2904.02,2566.89,Compute-bound (matmul),1.4,1.1,1.2,81.3,3.11,1.88,1.00,2.27,0.07
Consumer_1xGen4,Mamba_70B,False,64,140.0,8.4,1.7,5.8,49.14,76.80,42.00,4717.59,4130.88,Compute-bound (matmul),0.9,1.3,0.7,82.1,3.11,1.88,1.00,1.41,0.02
Consumer_1xGen4,Mamba_70B,False,128,140.0,8.4,1.7,5.8,49.14,153.60,42.00,7663.75,6671.58,Compute-bound (matmul),0.5,1.7,0.5,82.6,3.11,1.88,1.00,0.87,0.01
Consumer_1xGen4,Mamba_70B,False,256,140.0,8.4,1.7,5.8,49.14,307.20,42.00,12449.80,10798.97,Compute-bound (matmul),0.3,2.0,0.3,82.9,3.11,1.88,1.00,0.54,0.00
Consumer_1xGen4,Mamba_405B,False,1,810.0,48.6,10.1,5.8,284.31,1.89,243.00,1485.09,1504.33,Compute-bound (matmul),13.6,0.1,11.6,70.9,3.11,1.88,1.00,3.88,3.88
Consumer_1xGen4,Mamba_405B,False,2,810.0,48.6,10.1,5.8,284.31,3.78,243.00,2412.53,2304.14,Compute-bound (matmul),8.9,0.1,7.6,75.2,3.11,1.88,1.00,2.53,1.27
Consumer_1xGen4,Mamba_405B,False,4,810.0,48.6,10.1,5.8,284.31,7.56,243.00,3919.16,3603.43,Compute-bound (matmul),5.7,0.2,4.8,78.2,3.11,1.88,1.00,1.62,0.40
Consumer_1xGen4,Mamba_405B,False,8,810.0,48.6,10.1,5.8,284.31,15.12,243.00,6366.70,5714.13,Compute-bound (matmul),3.6,0.2,3.1,80.1,3.11,1.88,1.00,1.02,0.13
Consumer_1xGen4,Mamba_405B,False,16,810.0,48.6,10.1,5.8,284.31,30.24,243.00,10342.73,9142.98,Compute-bound (matmul),2.2,0.2,1.9,81.3,3.11,1.88,1.00,0.64,0.04
Consumer_1xGen4,Mamba_405B,False,32,810.0,48.6,10.1,5.8,284.31,60.48,243.00,16801.82,14713.16,Compute-bound (matmul),1.4,0.3,1.2,82.1,3.11,1.88,1.00,0.40,0.01
Consumer_1xGen4,Mamba_405B,False,64,810.0,48.6,10.1,5.8,284.31,120.96,243.00,27294.64,23761.94,Compute-bound (matmul),0.9,0.4,0.7,82.5,3.11,1.88,1.00,0.25,0.00
Consumer_1xGen4,Mamba_405B,False,128,810.0,48.6,10.1,5.8,284.31,241.92,243.00,44340.27,38461.73,Compute-bound (matmul),0.5,0.5,0.5,82.8,3.11,1.88,1.00,0.15,0.00
Consumer_1xGen4,Mamba_405B,False,256,810.0,48.6,10.1,5.8,284.31,483.84,243.00,72030.99,62341.61,Compute-bound (matmul),0.3,0.6,0.3,83.0,3.11,1.88,1.00,0.09,0.00
Consumer_1xGen4,Mamba_7B,True,1,14.0,0.8,0.2,6.6,17.09,3.84,0.93,7.07,37.89,Compute-bound (matmul),32.4,7.3,1.8,13.4,3.11,1.88,8.40,1293.07,1293.07
Consumer_1xGen4,Mamba_7B,True,2,14.0,0.8,0.2,6.6,17.09,7.68,0.93,11.48,41.70,Compute-bound (matmul),29.5,13.2,1.6,19.8,3.11,1.88,8.40,1175.02,587.51
Consumer_1xGen4,Mamba_7B,True,4,14.0,0.8,0.2,6.6,17.09,15.36,0.93,18.65,47.88,Compute-bound (matmul),25.7,23.1,1.4,28.0,3.11,1.88,8.40,1023.25,255.81
Consumer_1xGen4,Mamba_7B,True,8,14.0,0.8,0.2,6.6,17.09,30.72,0.93,30.30,57.93,Compute-bound (matmul),21.2,38.1,1.2,37.6,3.11,1.88,8.40,845.79,105.72
Consumer_1xGen4,Mamba_7B,True,16,14.0,0.8,0.2,6.6,17.09,61.44,0.93,49.23,74.25,Compute-bound (matmul),16.5,59.5,0.9,47.6,3.11,1.88,8.40,659.87,41.24
Consumer_1xGen4,Mamba_7B,True,32,14.0,0.8,0.2,6.6,17.09,122.88,0.93,79.97,100.76,Compute-bound (matmul),12.2,87.6,0.7,57.0,3.11,1.88,8.40,486.24,15.20
Consumer_1xGen4,Mamba_7B,True,64,14.0,0.8,0.2,6.6,17.09,245.76,0.93,129.91,143.83,Compute-bound (matmul),8.5,122.8,0.5,64.9,3.11,1.88,8.40,340.64,5.32
Consumer_1xGen4,Mamba_7B,True,128,14.0,0.8,0.2,6.6,17.09,491.52,0.93,211.04,213.79,Compute-bound (matmul),5.7,165.2,0.3,70.9,3.11,1.88,8.40,229.16,1.79
Consumer_1xGen4,Mamba_7B,True,256,14.0,0.8,0.2,6.6,17.09,983.04,0.93,342.84,327.45,Compute-bound (matmul),3.8,215.7,0.2,75.2,3.11,1.88,8.40,149.62,0.58
Consumer_1xGen4,Mamba_70B,True,1,140.0,8.4,1.7,6.6,170.92,9.60,9.33,70.68,136.48,IO-bound (SSD bandwidth),90.0,5.1,4.9,37.2,3.11,1.88,8.40,358.97,358.97
Consumer_1xGen4,Mamba_70B,True,2,140.0,8.4,1.7,6.6,170.92,19.20,9.33,114.83,142.17,Compute-bound (matmul),86.4,9.7,4.7,58.0,3.11,1.88,8.40,344.59,172.30
Consumer_1xGen4,Mamba_70B,True,4,140.0,8.4,1.7,6.6,170.92,38.40,9.33,186.54,204.02,Compute-bound (matmul),60.2,13.5,3.3,65.7,3.11,1.88,8.40,240.14,60.04
Consumer_1xGen4,Mamba_70B,True,8,140.0,8.4,1.7,6.6,170.92,76.80,9.33,303.03,304.48,Compute-bound (matmul),40.3,18.1,2.2,71.5,3.11,1.88,8.40,160.91,20.11
Consumer_1xGen4,Mamba_70B,True,16,140.0,8.4,1.7,6.6,170.92,153.60,9.33,492.27,467.68,Compute-bound (matmul),26.3,23.6,1.4,75.6,3.11,1.88,8.40,104.76,6.55
Consumer_1xGen4,Mamba_70B,True,32,140.0,8.4,1.7,6.6,170.92,307.20,9.33,799.70,732.80,Compute-bound (matmul),16.8,30.1,0.9,78.4,3.11,1.88,8.40,66.86,2.09
Consumer_1xGen4,Mamba_70B,True,64,140.0,8.4,1.7,6.6,170.92,614.40,9.33,1299.12,1163.48,Compute-bound (matmul),10.6,37.9,0.6,80.2,3.11,1.88,8.40,42.11,0.66
Consumer_1xGen4,Mamba_70B,True,128,140.0,8.4,1.7,6.6,170.92,1228.80,9.33,2110.43,1863.14,Compute-bound (matmul),6.6,47.4,0.4,81.4,3.11,1.88,8.40,26.30,0.21
Consumer_1xGen4,Mamba_70B,True,256,140.0,8.4,1.7,6.6,170.92,2457.60,9.33,3428.40,2999.73,Compute-bound (matmul),4.1,58.9,0.2,82.1,3.11,1.88,8.40,16.33,0.06
Consumer_1xGen4,Mamba_405B,True,1,810.0,48.6,10.1,6.6,988.90,15.12,54.00,408.96,789.64,IO-bound (SSD bandwidth),90.0,1.4,4.9,37.2,3.11,1.88,8.40,62.04,62.04
Consumer_1xGen4,Mamba_405B,True,2,810.0,48.6,10.1,6.6,988.90,30.24,54.00,664.36,789.64,IO-bound (SSD bandwidth),90.0,2.8,4.9,60.5,3.11,1.88,8.40,62.04,31.02
Consumer_1xGen4,Mamba_405B,True,4,810.0,48.6,10.1,6.6,988.90,60.48,54.00,1079.25,1014.00,Compute-bound (matmul),70.1,4.3,3.8,76.5,3.11,1.88,8.40,48.32,12.08
Consumer_1xGen4,Mamba_405B,True,8,810.0,48.6,10.1,6.6,988.90,120.96,54.00,1753.25,1595.24,Compute-bound (matmul),44.5,5.4,2.4,79.0,3.11,1.88,8.40,30.71,3.84
Consumer_1xGen4,Mamba_405B,True,16,810.0,48.6,10.1,6.6,988.90,241.92,54.00,2848.16,2539.47,Compute-bound (matmul),28.0,6.8,1.5,80.6,3.11,1.88,8.40,19.29,1.21
Consumer_1xGen4,Mamba_405B,True,32,810.0,48.6,10.1,6.6,988.90,483.84,54.00,4626.85,4073.37,Compute-bound (matmul),17.4,8.5,1.0,81.6,3.11,1.88,8.40,12.03,0.38
Consumer_1xGen4,Mamba_405B,True,64,810.0,48.6,10.1,6.6,988.90,967.68,54.00,7516.34,6565.21,Compute-bound (matmul),10.8,10.6,0.6,82.3,3.11,1.88,8.40,7.46,0.12
Consumer_1xGen4,Mamba_405B,True,128,810.0,48.6,10.1,6.6,988.90,1935.36,54.00,12210.33,10613.21,Compute-bound (matmul),6.7,13.1,0.4,82.7,3.11,1.88,8.40,4.62,0.04
Consumer_1xGen4,Mamba_405B,True,256,810.0,48.6,10.1,6.6,988.90,3870.72,54.00,19835.75,17189.20,Compute-bound (matmul),4.1,16.2,0.2,82.9,3.11,1.88,8.40,2.85,0.01
Consumer_1xGen4,Mamba_7B,True,1,14.0,0.8,0.2,6.6,17.09,3.84,4.20,25.67,56.54,Compute-bound (matmul),21.7,4.9,5.3,32.6,3.11,1.88,8.40,866.56,866.56
Consumer_1xGen4,Mamba_7B,True,2,14.0,0.8,0.2,6.6,17.09,7.68,4.20,41.70,70.36,Compute-bound (matmul),17.5,7.8,4.3,42.6,3.11,1.88,8.40,696.31,348.15
Consumer_1xGen4,Mamba_7B,True,4,14.0,0.8,0.2,6.6,17.09,15.36,4.20,67.74,92.82,Compute-bound (matmul),13.2,11.9,3.3,52.4,3.11,1.88,8.40,527.84,131.96
Consumer_1xGen4,Mamba_7B,True,8,14.0,0.8,0.2,6.6,17.09,30.72,4.20,110.04,129.30,Compute-bound (matmul),9.5,17.1,2.3,61.2,3.11,1.88,8.40,378.91,47.36
Consumer_1xGen4,Mamba_7B,True,16,14.0,0.8,0.2,6.6,17.09,61.44,4.20,178.76,188.56,Compute-bound (matmul),6.5,23.4,1.6,68.1,3.11,1.88,8.40,259.82,16.24
Consumer_1xGen4,Mamba_7B,True,32,14.0,0.8,0.2,6.6,17.09,122.88,4.20,290.40,284.84,Compute-bound (matmul),4.3,31.0,1.1,73.3,3.11,1.88,8.40,172.00,5.38
Consumer_1xGen4,Mamba_7B,True,64,14.0,0.8,0.2,6.6,17.09,245.76,4.20,471.76,441.24,Compute-bound (matmul),2.8,40.0,0.7,76.8,3.11,1.88,8.40,111.03,1.73
Consumer_1xGen4,Mamba_7B,True,128,14.0,0.8,0.2,6.6,17.09,491.52,4.20,766.38,695.31,Compute-bound (matmul),1.8,50.8,0.4,79.2,3.11,1.88,8.40,70.46,0.55
Consumer_1xGen4,Mamba_7B,True,256,14.0,0.8,0.2,6.6,17.09,983.04,4.20,1244.98,1108.05,Compute-bound (matmul),1.1,63.8,0.3,80.7,3.11,1.88,8.40,44.22,0.17
Consumer_1xGen4,Mamba_70B,True,1,140.0,8.4,1.7,6.6,170.92,9.60,42.00,256.68,290.59,Compute-bound (matmul),42.3,2.4,10.4,63.5,3.11,1.88,8.40,168.60,168.60
Consumer_1xGen4,Mamba_70B,True,2,140.0,8.4,1.7,6.6,170.92,19.20,42.00,416.98,428.83,Compute-bound (matmul),28.6,3.2,7.0,69.9,3.11,1.88,8.40,114.25,57.12
Consumer_1xGen4,Mamba_70B,True,4,140.0,8.4,1.7,6.6,170.92,38.40,42.00,677.39,653.40,Compute-bound (matmul),18.8,4.2,4.6,74.5,3.11,1.88,8.40,74.98,18.75
Consumer_1xGen4,Mamba_70B,True,8,140.0,8.4,1.7,6.6,170.92,76.80,42.00,1100.42,1018.21,Compute-bound (matmul),12.1,5.4,3.0,77.7,3.11,1.88,8.40,48.12,6.01
Consumer_1xGen4,Mamba_70B,True,16,140.0,8.4,1.7,6.6,170.92,153.60,42.00,1787.63,1610.85,Compute-bound (matmul),7.6,6.9,1.9,79.8,3.11,1.88,8.40,30.41,1.90
Consumer_1xGen4,Mamba_70B,True,32,140.0,8.4,1.7,6.6,170.92,307.20,42.00,2904.02,2573.60,Compute-bound (matmul),4.8,8.6,1.2,81.1,3.11,1.88,8.40,19.04,0.59
Consumer_1xGen4,Mamba_70B,True,64,140.0,8.4,1.7,6.6,170.92,614.40,42.00,4717.59,4137.59,Compute-bound (matmul),3.0,10.7,0.7,81.9,3.11,1.88,8.40,11.84,0.19
Consumer_1xGen4,Mamba_70B,True,128,140.0,8.4,1.7,6.6,170.92,1228.80,42.00,7663.75,6678.29,Compute-bound (matmul),1.8,13.2,0.5,82.5,3.11,1.88,8.40,7.34,0.06
Consumer_1xGen4,Mamba_70B,True,256,140.0,8.4,1.7,6.6,170.92,2457.60,42.00,12449.80,10805.68,Compute-bound (matmul),1.1,16.3,0.3,82.8,3.11,1.88,8.40,4.53,0.02
Consumer_1xGen4,Mamba_405B,True,1,810.0,48.6,10.1,6.6,988.90,15.12,243.00,1485.09,1514.89,Compute-bound (matmul),46.9,0.7,11.5,70.5,3.11,1.88,8.40,32.34,32.34
Consumer_1xGen4,Mamba_405B,True,2,810.0,48.6,10.1,6.6,988.90,30.24,243.00,2412.53,2314.70,Compute-bound (matmul),30.7,0.9,7.5,74.9,3.11,1.88,8.40,21.17,10.58
Consumer_1xGen4,Mamba_405B,True,4,810.0,48.6,10.1,6.6,988.90,60.48,243.00,3919.16,3613.99,Compute-bound (matmul),19.7,1.2,4.8,77.9,3.11,1.88,8.40,13.56,3.39
Consumer_1xGen4,Mamba_405B,True,8,810.0,48.6,10.1,6.6,988.90,120.96,243.00,6366.70,5724.70,Compute-bound (matmul),12.4,1.5,3.1,79.9,3.11,1.88,8.40,8.56,1.07
Consumer_1xGen4,Mamba_405B,True,16,810.0,48.6,10.1,6.6,988.90,241.92,243.00,10342.73,9153.54,Compute-bound (matmul),7.8,1.9,1.9,81.2,3.11,1.88,8.40,5.35,0.33
Consumer_1xGen4,Mamba_405B,True,32,810.0,48.6,10.1,6.6,988.90,483.84,243.00,16801.82,14723.72,Compute-bound (matmul),4.8,2.4,1.2,82.0,3.11,1.88,8.40,3.33,0.10
Consumer_1xGen4,Mamba_405B,True,64,810.0,48.6,10.1,6.6,988.90,967.68,243.00,27294.64,23772.51,Compute-bound (matmul),3.0,2.9,0.7,82.5,3.11,1.88,8.40,2.06,0.03
Consumer_1xGen4,Mamba_405B,True,128,810.0,48.6,10.1,6.6,988.90,1935.36,243.00,44340.27,38472.30,Compute-bound (matmul),1.8,3.6,0.5,82.8,3.11,1.88,8.40,1.27,0.01
Consumer_1xGen4,Mamba_405B,True,256,810.0,48.6,10.1,6.6,988.90,3870.72,243.00,72030.99,62352.18,Compute-bound (matmul),1.1,4.5,0.3,83.0,3.11,1.88,8.40,0.79,0.00
Enthusiast_4xGen5,Mamba_7B,False,1,14.0,0.8,0.2,21.9,1.29,0.26,0.93,0.09,29.00,Decompress-bound (ANS+LUT),3.2,0.6,2.3,0.2,3.11,1.88,1.00,201.09,201.09
Enthusiast_4xGen5,Mamba_7B,False,2,14.0,0.8,0.2,21.9,1.29,0.51,0.93,0.14,29.05,Decompress-bound (ANS+LUT),3.2,1.3,2.3,0.3,3.11,1.88,1.00,200.77,100.38
Enthusiast_4xGen5,Mamba_7B,False,4,14.0,0.8,0.2,21.9,1.29,1.02,0.93,0.23,29.13,Decompress-bound (ANS+LUT),3.2,2.5,2.3,0.6,3.11,1.88,1.00,200.25,50.06
Enthusiast_4xGen5,Mamba_7B,False,8,14.0,0.8,0.2,21.9,1.29,2.05,0.93,0.37,29.25,Decompress-bound (ANS+LUT),3.2,5.0,2.3,0.9,3.11,1.88,1.00,199.42,24.93
Enthusiast_4xGen5,Mamba_7B,False,16,14.0,0.8,0.2,21.9,1.29,4.10,0.93,0.60,29.45,Decompress-bound (ANS+LUT),3.2,10.0,2.3,1.5,3.11,1.88,1.00,198.08,12.38
Enthusiast_4xGen5,Mamba_7B,False,32,14.0,0.8,0.2,21.9,1.29,8.19,0.93,0.97,29.77,Compute-bound (matmul),3.1,19.8,2.3,2.3,3.11,1.88,1.00,195.94,6.12
Enthusiast_4xGen5,Mamba_7B,False,64,14.0,0.8,0.2,21.9,1.29,16.38,0.93,1.57,30.29,Compute-bound (matmul),3.1,38.9,2.2,3.7,3.11,1.88,1.00,192.56,3.01
Enthusiast_4xGen5,Mamba_7B,False,128,14.0,0.8,0.2,21.9,1.29,32.77,0.93,2.56,31.14,Compute-bound (matmul),3.0,75.6,2.2,5.9,3.11,1.88,1.00,187.32,1.46
Enthusiast_4xGen5,Mamba_7B,False,256,14.0,0.8,0.2,21.9,1.29,65.54,0.93,4.16,32.51,Compute-bound (matmul),2.9,144.8,2.1,9.2,3.11,1.88,1.00,179.38,0.70
Enthusiast_4xGen5,Mamba_70B,False,1,140.0,8.4,1.7,21.9,12.93,0.64,9.33,0.86,36.73,Decompress-bound (ANS+LUT),25.3,1.3,18.3,1.7,3.11,1.88,1.00,158.77,158.77
Enthusiast_4xGen5,Mamba_70B,False,2,140.0,8.4,1.7,21.9,12.93,1.28,9.33,1.39,37.20,Decompress-bound (ANS+LUT),25.0,2.5,18.0,2.7,3.11,1.88,1.00,156.80,78.40
Enthusiast_4xGen5,Mamba_70B,False,4,140.0,8.4,1.7,21.9,12.93,2.56,9.33,2.26,37.95,Decompress-bound (ANS+LUT),24.5,4.8,17.7,4.3,3.11,1.88,1.00,153.71,38.43
Enthusiast_4xGen5,Mamba_70B,False,8,140.0,8.4,1.7,21.9,12.93,5.12,9.33,3.67,39.16,Decompress-bound (ANS+LUT),23.7,9.4,17.1,6.7,3.11,1.88,1.00,148.93,18.62
Enthusiast_4xGen5,Mamba_70B,False,16,140.0,8.4,1.7,21.9,12.93,10.24,9.33,5.97,41.14,Decompress-bound (ANS+LUT),22.6,17.9,16.3,10.4,3.11,1.88,1.00,141.77,8.86
Enthusiast_4xGen5,Mamba_70B,False,32,140.0,8.4,1.7,21.9,12.93,20.48,9.33,9.69,44.35,Compute-bound (matmul),21.0,33.2,15.1,15.7,3.11,1.88,1.00,131.49,4.11
Enthusiast_4xGen5,Mamba_70B,False,64,140.0,8.4,1.7,21.9,12.93,40.96,9.33,15.75,49.58,Compute-bound (matmul),18.7,59.4,13.5,22.8,3.11,1.88,1.00,117.65,1.84
Enthusiast_4xGen5,Mamba_70B,False,128,140.0,8.4,1.7,21.9,12.93,81.92,9.33,25.58,58.06,Compute-bound (matmul),16.0,101.4,11.6,31.7,3.11,1.88,1.00,100.46,0.78
Enthusiast_4xGen5,Mamba_70B,False,256,140.0,8.4,1.7,21.9,12.93,163.84,9.33,41.56,71.83,Compute-bound (matmul),12.9,163.9,9.3,41.6,3.11,1.88,1.00,81.19,0.32
Enthusiast_4xGen5,Mamba_405B,False,1,810.0,48.6,10.1,21.9,74.82,1.01,54.00,4.96,76.28,Decompress-bound (ANS+LUT),70.5,0.9,50.9,4.7,3.11,1.88,1.00,76.46,76.46
Enthusiast_4xGen5,Mamba_405B,False,2,810.0,48.6,10.1,21.9,74.82,2.02,54.00,8.05,78.95,Decompress-bound (ANS+LUT),68.1,1.8,49.2,7.3,3.11,1.88,1.00,73.88,36.94
Enthusiast_4xGen5,Mamba_405B,False,4,810.0,48.6,10.1,21.9,74.82,4.03,54.00,13.08,83.29,Decompress-bound (ANS+LUT),64.6,3.5,46.6,11.3,3.11,1.88,1.00,70.03,17.51
Enthusiast_4xGen5,Mamba_405B,False,8,810.0,48.6,10.1,21.9,74.82,8.06,54.00,21.25,90.33,Decompress-bound (ANS+LUT),59.5,6.4,43.0,16.9,3.11,1.88,1.00,64.57,8.07
Enthusiast_4xGen5,Mamba_405B,False,16,810.0,48.6,10.1,21.9,74.82,16.13,54.00,34.52,101.78,Decompress-bound (ANS+LUT),52.8,11.4,38.1,24.4,3.11,1.88,1.00,57.31,3.58
Enthusiast_4xGen5,Mamba_405B,False,32,810.0,48.6,10.1,21.9,74.82,32.26,54.00,56.08,120.37,Compute-bound (matmul),44.7,19.3,32.2,33.5,3.11,1.88,1.00,48.45,1.51
Enthusiast_4xGen5,Mamba_405B,False,64,810.0,48.6,10.1,21.9,74.82,64.51,54.00,91.11,150.57,Compute-bound (matmul),35.7,30.8,25.8,43.5,3.11,1.88,1.00,38.73,0.61
Enthusiast_4xGen5,Mamba_405B,False,128,810.0,48.6,10.1,21.9,74.82,129.02,54.00,148.00,199.64,Compute-bound (matmul),26.9,46.4,19.4,53.3,3.11,1.88,1.00,29.21,0.23
Enthusiast_4xGen5,Mamba_405B,False,256,810.0,48.6,10.1,21.9,74.82,258.05,54.00,240.43,279.35,Compute-bound (matmul),19.2,66.4,13.9,61.9,3.11,1.88,1.00,20.88,0.08
Enthusiast_4xGen5,Mamba_7B,False,1,14.0,0.8,0.2,21.9,1.29,0.26,4.20,0.16,31.67,Decompress-bound (ANS+LUT),2.9,0.6,9.5,0.4,3.11,1.88,1.00,184.14,184.14
Enthusiast_4xGen5,Mamba_7B,False,2,14.0,0.8,0.2,21.9,1.29,0.51,4.20,0.25,31.76,Decompress-bound (ANS+LUT),2.9,1.2,9.5,0.6,3.11,1.88,1.00,183.66,91.83
Enthusiast_4xGen5,Mamba_7B,False,4,14.0,0.8,0.2,21.9,1.29,1.02,4.20,0.41,31.89,Decompress-bound (ANS+LUT),2.9,2.3,9.5,0.9,3.11,1.88,1.00,182.87,45.72
Enthusiast_4xGen5,Mamba_7B,False,8,14.0,0.8,0.2,21.9,1.29,2.05,4.20,0.67,32.11,Decompress-bound (ANS+LUT),2.9,4.6,9.4,1.5,3.11,1.88,1.00,181.61,22.70
Enthusiast_4xGen5,Mamba_7B,False,16,14.0,0.8,0.2,21.9,1.29,4.10,4.20,1.08,32.47,Decompress-bound (ANS+LUT),2.9,9.1,9.3,2.4,3.11,1.88,1.00,179.61,11.23
Enthusiast_4xGen5,Mamba_7B,False,32,14.0,0.8,0.2,21.9,1.29,8.19,4.20,1.76,33.06,Decompress-bound (ANS+LUT),2.8,17.8,9.1,3.8,3.11,1.88,1.00,176.44,5.51
Enthusiast_4xGen5,Mamba_7B,False,64,14.0,0.8,0.2,21.9,1.29,16.38,4.20,2.86,34.00,Decompress-bound (ANS+LUT),2.7,34.6,8.9,6.0,3.11,1.88,1.00,171.52,2.68
Enthusiast_4xGen5,Mamba_7B,False,128,14.0,0.8,0.2,21.9,1.29,32.77,4.20,4.64,35.54,Compute-bound (matmul),2.6,66.3,8.5,9.4,3.11,1.88,1.00,164.09,1.28
Enthusiast_4xGen5,Mamba_7B,False,256,14.0,0.8,0.2,21.9,1.29,65.54,4.20,7.55,38.05,Compute-bound (matmul),2.4,123.8,7.9,14.3,3.11,1.88,1.00,153.30,0.60
Enthusiast_4xGen5,Mamba_70B,False,1,140.0,8.4,1.7,21.9,12.93,0.64,42.00,1.56,63.42,Decompress-bound (ANS+LUT),14.7,0.7,47.6,1.8,3.11,1.88,1.00,91.96,91.96
Enthusiast_4xGen5,Mamba_70B,False,2,140.0,8.4,1.7,21.9,12.93,1.28,42.00,2.53,64.26,Decompress-bound (ANS+LUT),14.5,1.4,47.0,2.8,3.11,1.88,1.00,90.76,45.38
Enthusiast_4xGen5,Mamba_70B,False,4,140.0,8.4,1.7,21.9,12.93,2.56,42.00,4.11,65.62,Decompress-bound (ANS+LUT),14.2,2.8,46.0,4.5,3.11,1.88,1.00,88.88,22.22
Enthusiast_4xGen5,Mamba_70B,False,8,140.0,8.4,1.7,21.9,12.93,5.12,42.00,6.67,67.83,Decompress-bound (ANS+LUT),13.7,5.4,44.5,7.1,3.11,1.88,1.00,85.98,10.75
Enthusiast_4xGen5,Mamba_70B,False,16,140.0,8.4,1.7,21.9,12.93,10.24,42.00,10.83,71.42,Decompress-bound (ANS+LUT),13.0,10.3,42.3,10.9,3.11,1.88,1.00,81.66,5.10
Enthusiast_4xGen5,Mamba_70B,False,32,140.0,8.4,1.7,21.9,12.93,20.48,42.00,17.60,77.26,Decompress-bound (ANS+LUT),12.0,19.1,39.1,16.4,3.11,1.88,1.00,75.49,2.36
Enthusiast_4xGen5,Mamba_70B,False,64,140.0,8.4,1.7,21.9,12.93,40.96,42.00,28.59,86.74,Decompress-bound (ANS+LUT),10.7,33.9,34.8,23.7,3.11,1.88,1.00,67.24,1.05
Enthusiast_4xGen5,Mamba_70B,False,128,140.0,8.4,1.7,21.9,12.93,81.92,42.00,46.45,102.13,Compute-bound (matmul),9.1,57.6,29.6,32.7,3.11,1.88,1.00,57.11,0.45
Enthusiast_4xGen5,Mamba_70B,False,256,140.0,8.4,1.7,21.9,12.93,163.84,42.00,75.45,127.15,Compute-bound (matmul),7.3,92.6,23.7,42.6,3.11,1.88,1.00,45.87,0.18
Enthusiast_4xGen5,Mamba_405B,False,1,810.0,48.6,10.1,21.9,74.82,1.01,243.00,9.00,230.68,Decompress-bound (ANS+LUT),23.3,0.3,75.7,2.8,3.11,1.88,1.00,25.28,25.28
Enthusiast_4xGen5,Mamba_405B,False,2,810.0,48.6,10.1,21.9,74.82,2.02,243.00,14.62,235.53,Decompress-bound (ANS+LUT),22.8,0.6,74.1,4.5,3.11,1.88,1.00,24.76,12.38
Enthusiast_4xGen5,Mamba_405B,False,4,810.0,48.6,10.1,21.9,74.82,4.03,243.00,23.75,243.40,Decompress-bound (ANS+LUT),22.1,1.2,71.7,7.0,3.11,1.88,1.00,23.96,5.99
Enthusiast_4xGen5,Mamba_405B,False,8,810.0,48.6,10.1,21.9,74.82,8.06,243.00,38.59,256.20,Decompress-bound (ANS+LUT),21.0,2.3,68.2,10.8,3.11,1.88,1.00,22.77,2.85
Enthusiast_4xGen5,Mamba_405B,False,16,810.0,48.6,10.1,21.9,74.82,16.13,243.00,62.68,276.98,Decompress-bound (ANS+LUT),19.4,4.2,63.0,16.3,3.11,1.88,1.00,21.06,1.32
Enthusiast_4xGen5,Mamba_405B,False,32,810.0,48.6,10.1,21.9,74.82,32.26,243.00,101.83,310.74,Decompress-bound (ANS+LUT),17.3,7.5,56.2,23.6,3.11,1.88,1.00,18.77,0.59
Enthusiast_4xGen5,Mamba_405B,False,64,810.0,48.6,10.1,21.9,74.82,64.51,243.00,165.42,365.58,Decompress-bound (ANS+LUT),14.7,12.7,47.8,32.5,3.11,1.88,1.00,15.95,0.25
Enthusiast_4xGen5,Mamba_405B,False,128,810.0,48.6,10.1,21.9,74.82,129.02,243.00,268.73,454.67,Compute-bound (matmul),11.8,20.4,38.4,42.5,3.11,1.88,1.00,12.83,0.10
Enthusiast_4xGen5,Mamba_405B,False,256,810.0,48.6,10.1,21.9,74.82,258.05,243.00,436.55,599.39,Compute-bound (matmul),9.0,30.9,29.1,52.3,3.11,1.88,1.00,9.73,0.04
Enthusiast_4xGen5,Mamba_7B,True,1,14.0,0.8,0.2,25.2,4.50,2.05,0.93,0.09,30.44,Decompress-bound (ANS+LUT),10.6,4.8,2.2,0.2,3.11,1.88,8.40,1609.71,1609.71
Enthusiast_4xGen5,Mamba_7B,True,2,14.0,0.8,0.2,25.2,4.50,4.10,0.93,0.14,30.48,Decompress-bound (ANS+LUT),10.6,9.7,2.2,0.3,3.11,1.88,8.40,1607.27,803.63
Enthusiast_4xGen5,Mamba_7B,True,4,14.0,0.8,0.2,25.2,4.50,8.19,0.93,0.23,30.56,Decompress-bound (ANS+LUT),10.6,19.3,2.2,0.5,3.11,1.88,8.40,1603.33,400.83
Enthusiast_4xGen5,Mamba_7B,True,8,14.0,0.8,0.2,25.2,4.50,16.38,0.93,0.37,30.68,Decompress-bound (ANS+LUT),10.5,38.4,2.2,0.9,3.11,1.88,8.40,1596.96,199.62
Enthusiast_4xGen5,Mamba_7B,True,16,14.0,0.8,0.2,25.2,4.50,32.77,0.93,0.60,30.88,Decompress-bound (ANS+LUT),10.5,76.3,2.2,1.4,3.11,1.88,8.40,1586.73,99.17
Enthusiast_4xGen5,Mamba_7B,True,32,14.0,0.8,0.2,25.2,4.50,65.54,0.93,0.97,31.20,Compute-bound (matmul),10.4,151.0,2.1,2.2,3.11,1.88,8.40,1570.39,49.07
Enthusiast_4xGen5,Mamba_7B,True,64,14.0,0.8,0.2,25.2,4.50,131.07,0.93,1.57,31.72,Compute-bound (matmul),10.2,297.0,2.1,3.6,3.11,1.88,8.40,1544.54,24.13
Enthusiast_4xGen5,Mamba_7B,True,128,14.0,0.8,0.2,25.2,4.50,262.14,0.93,2.56,32.57,Compute-bound (matmul),9.9,578.5,2.1,5.6,3.11,1.88,8.40,1504.32,11.75
Enthusiast_4xGen5,Mamba_7B,True,256,14.0,0.8,0.2,25.2,4.50,524.29,0.93,4.16,33.95,Compute-bound (matmul),9.5,1110.0,2.0,8.8,3.11,1.88,8.40,1443.27,5.64
Enthusiast_4xGen5,Mamba_70B,True,1,140.0,8.4,1.7,25.2,44.98,5.12,9.33,0.86,40.31,Decompress-bound (ANS+LUT),80.2,9.1,16.6,1.5,3.11,1.88,8.40,1215.34,1215.34
Enthusiast_4xGen5,Mamba_70B,True,2,140.0,8.4,1.7,25.2,44.98,10.24,9.33,1.39,40.77,Decompress-bound (ANS+LUT),79.3,18.0,16.5,2.5,3.11,1.88,8.40,1201.59,600.79
Enthusiast_4xGen5,Mamba_70B,True,4,140.0,8.4,1.7,25.2,44.98,20.48,9.33,2.26,41.52,Decompress-bound (ANS+LUT),77.8,35.4,16.2,3.9,3.11,1.88,8.40,1179.90,294.97
Enthusiast_4xGen5,Mamba_70B,True,8,140.0,8.4,1.7,25.2,44.98,40.96,9.33,3.67,42.74,Decompress-bound (ANS+LUT),75.6,68.9,15.7,6.2,3.11,1.88,8.40,1146.28,143.29
Enthusiast_4xGen5,Mamba_70B,True,16,140.0,8.4,1.7,25.2,44.98,81.92,9.33,5.97,44.72,Decompress-bound (ANS+LUT),72.3,131.6,15.0,9.6,3.11,1.88,8.40,1095.57,68.47
Enthusiast_4xGen5,Mamba_70B,True,32,140.0,8.4,1.7,25.2,44.98,163.84,9.33,9.69,47.93,Compute-bound (matmul),67.4,245.6,14.0,14.5,3.11,1.88,8.40,1022.12,31.94
Enthusiast_4xGen5,Mamba_70B,True,64,140.0,8.4,1.7,25.2,44.98,327.68,9.33,15.75,53.15,Compute-bound (matmul),60.8,443.0,12.6,21.3,3.11,1.88,8.40,921.73,14.40
Enthusiast_4xGen5,Mamba_70B,True,128,140.0,8.4,1.7,25.2,44.98,655.36,9.33,25.58,61.63,Compute-bound (matmul),52.4,764.2,10.9,29.8,3.11,1.88,8.40,794.90,6.21
Enthusiast_4xGen5,Mamba_70B,True,256,140.0,8.4,1.7,25.2,44.98,1310.72,9.33,41.56,75.41,Compute-bound (matmul),42.9,1249.1,8.9,39.6,3.11,1.88,8.40,649.68,2.54
Enthusiast_4xGen5,Mamba_405B,True,1,810.0,48.6,10.1,25.2,260.24,8.06,54.00,4.96,207.80,IO-bound (SSD bandwidth),90.0,2.8,18.7,1.7,3.11,1.88,8.40,235.77,235.77
Enthusiast_4xGen5,Mamba_405B,True,2,810.0,48.6,10.1,25.2,260.24,16.13,54.00,8.05,207.80,IO-bound (SSD bandwidth),90.0,5.6,18.7,2.8,3.11,1.88,8.40,235.77,117.88
Enthusiast_4xGen5,Mamba_405B,True,4,810.0,48.6,10.1,25.2,260.24,32.26,54.00,13.08,207.80,IO-bound (SSD bandwidth),90.0,11.2,18.7,4.5,3.11,1.88,8.40,235.77,58.94
Enthusiast_4xGen5,Mamba_405B,True,8,810.0,48.6,10.1,25.2,260.24,64.51,54.00,21.25,207.80,IO-bound (SSD bandwidth),90.0,22.3,18.7,7.3,3.11,1.88,8.40,235.77,29.47
Enthusiast_4xGen5,Mamba_405B,True,16,810.0,48.6,10.1,25.2,260.24,129.02,54.00,34.52,207.80,IO-bound (SSD bandwidth),90.0,44.6,18.7,11.9,3.11,1.88,8.40,235.77,14.74
Enthusiast_4xGen5,Mamba_405B,True,32,810.0,48.6,10.1,25.2,260.24,258.05,54.00,56.08,207.80,IO-bound (SSD bandwidth),90.0,89.2,18.7,19.4,3.11,1.88,8.40,235.77,7.37
Enthusiast_4xGen5,Mamba_405B,True,64,810.0,48.6,10.1,25.2,260.24,516.10,54.00,91.11,207.80,IO-bound (SSD bandwidth),90.0,178.5,18.7,31.5,3.11,1.88,8.40,235.77,3.68
Enthusiast_4xGen5,Mamba_405B,True,128,810.0,48.6,10.1,25.2,260.24,1032.19,54.00,148.00,207.80,IO-bound (SSD bandwidth),90.0,357.0,18.7,51.2,3.11,1.88,8.40,235.77,1.84
Enthusiast_4xGen5,Mamba_405B,True,256,810.0,48.6,10.1,25.2,260.24,2064.38,54.00,240.43,284.98,Compute-bound (matmul),65.6,520.6,13.6,60.6,3.11,1.88,8.40,171.91,0.67
Enthusiast_4xGen5,Mamba_7B,True,1,14.0,0.8,0.2,25.2,4.50,2.05,4.20,0.16,33.10,Decompress-bound (ANS+LUT),9.8,4.4,9.1,0.3,3.11,1.88,8.40,1479.94,1479.94
Enthusiast_4xGen5,Mamba_7B,True,2,14.0,0.8,0.2,25.2,4.50,4.10,4.20,0.25,33.19,Decompress-bound (ANS+LUT),9.7,8.9,9.1,0.5,3.11,1.88,8.40,1476.20,738.10
Enthusiast_4xGen5,Mamba_7B,True,4,14.0,0.8,0.2,25.2,4.50,8.19,4.20,0.41,33.32,Decompress-bound (ANS+LUT),9.7,17.7,9.1,0.9,3.11,1.88,8.40,1470.17,367.54
Enthusiast_4xGen5,Mamba_7B,True,8,14.0,0.8,0.2,25.2,4.50,16.38,4.20,0.67,33.55,Decompress-bound (ANS+LUT),9.6,35.1,9.0,1.4,3.11,1.88,8.40,1460.48,182.56
Enthusiast_4xGen5,Mamba_7B,True,16,14.0,0.8,0.2,25.2,4.50,32.77,4.20,1.08,33.90,Decompress-bound (ANS+LUT),9.5,69.5,8.9,2.3,3.11,1.88,8.40,1445.01,90.31
Enthusiast_4xGen5,Mamba_7B,True,32,14.0,0.8,0.2,25.2,4.50,65.54,4.20,1.76,34.49,Decompress-bound (ANS+LUT),9.4,136.6,8.8,3.7,3.11,1.88,8.40,1420.56,44.39
Enthusiast_4xGen5,Mamba_7B,True,64,14.0,0.8,0.2,25.2,4.50,131.07,4.20,2.86,35.44,Decompress-bound (ANS+LUT),9.1,265.8,8.5,5.8,3.11,1.88,8.40,1382.57,21.60
Enthusiast_4xGen5,Mamba_7B,True,128,14.0,0.8,0.2,25.2,4.50,262.14,4.20,4.64,36.98,Compute-bound (matmul),8.7,509.5,8.2,9.0,3.11,1.88,8.40,1324.99,10.35
Enthusiast_4xGen5,Mamba_7B,True,256,14.0,0.8,0.2,25.2,4.50,524.29,4.20,7.55,39.48,Compute-bound (matmul),8.2,954.4,7.6,13.7,3.11,1.88,8.40,1241.03,4.85
Enthusiast_4xGen5,Mamba_70B,True,1,140.0,8.4,1.7,25.2,44.98,5.12,42.00,1.56,67.00,Decompress-bound (ANS+LUT),48.2,5.5,45.1,1.7,3.11,1.88,8.40,731.25,731.25
Enthusiast_4xGen5,Mamba_70B,True,2,140.0,8.4,1.7,25.2,44.98,10.24,42.00,2.53,67.84,Decompress-bound (ANS+LUT),47.7,10.8,44.5,2.7,3.11,1.88,8.40,722.21,361.11
Enthusiast_4xGen5,Mamba_70B,True,4,140.0,8.4,1.7,25.2,44.98,20.48,42.00,4.11,69.20,Decompress-bound (ANS+LUT),46.7,21.3,43.6,4.3,3.11,1.88,8.40,708.01,177.00
Enthusiast_4xGen5,Mamba_70B,True,8,140.0,8.4,1.7,25.2,44.98,40.96,42.00,6.67,71.41,Decompress-bound (ANS+LUT),45.3,41.2,42.3,6.7,3.11,1.88,8.40,686.09,85.76
Enthusiast_4xGen5,Mamba_70B,True,16,140.0,8.4,1.7,25.2,44.98,81.92,42.00,10.83,75.00,Decompress-bound (ANS+LUT),43.1,78.5,40.2,10.4,3.11,1.88,8.40,653.23,40.83
Enthusiast_4xGen5,Mamba_70B,True,32,140.0,8.4,1.7,25.2,44.98,163.84,42.00,17.60,80.84,Decompress-bound (ANS+LUT),40.0,145.7,37.3,15.6,3.11,1.88,8.40,606.08,18.94
Enthusiast_4xGen5,Mamba_70B,True,64,140.0,8.4,1.7,25.2,44.98,327.68,42.00,28.59,90.31,Decompress-bound (ANS+LUT),35.8,260.7,33.4,22.8,3.11,1.88,8.40,542.47,8.48
Enthusiast_4xGen5,Mamba_70B,True,128,140.0,8.4,1.7,25.2,44.98,655.36,42.00,46.45,105.71,Compute-bound (matmul),30.6,445.5,28.6,31.6,3.11,1.88,8.40,463.45,3.62
Enthusiast_4xGen5,Mamba_70B,True,256,140.0,8.4,1.7,25.2,44.98,1310.72,42.00,75.45,130.73,Compute-bound (matmul),24.7,720.5,23.1,41.5,3.11,1.88,8.40,374.77,1.46
Enthusiast_4xGen5,Mamba_405B,True,1,810.0,48.6,10.1,25.2,260.24,8.06,243.00,9.00,236.32,Decompress-bound (ANS+LUT),79.1,2.5,73.9,2.7,3.11,1.88,8.40,207.32,207.32
Enthusiast_4xGen5,Mamba_405B,True,2,810.0,48.6,10.1,25.2,260.24,16.13,243.00,14.62,241.16,Decompress-bound (ANS+LUT),77.5,4.8,72.4,4.4,3.11,1.88,8.40,203.15,101.58
Enthusiast_4xGen5,Mamba_405B,True,4,810.0,48.6,10.1,25.2,260.24,32.26,243.00,23.75,249.04,Decompress-bound (ANS+LUT),75.1,9.3,70.1,6.9,3.11,1.88,8.40,196.73,49.18
Enthusiast_4xGen5,Mamba_405B,True,8,810.0,48.6,10.1,25.2,260.24,64.51,243.00,38.59,261.83,Decompress-bound (ANS+LUT),71.4,17.7,66.7,10.6,3.11,1.88,8.40,187.12,23.39
Enthusiast_4xGen5,Mamba_405B,True,16,810.0,48.6,10.1,25.2,260.24,129.02,243.00,62.68,282.61,Decompress-bound (ANS+LUT),66.2,32.8,61.8,15.9,3.11,1.88,8.40,173.36,10.83
Enthusiast_4xGen5,Mamba_405B,True,32,810.0,48.6,10.1,25.2,260.24,258.05,243.00,101.83,316.37,Decompress-bound (ANS+LUT),59.1,58.6,55.2,23.1,3.11,1.88,8.40,154.86,4.84
Enthusiast_4xGen5,Mamba_405B,True,64,810.0,48.6,10.1,25.2,260.24,516.10,243.00,165.42,371.21,Decompress-bound (ANS+LUT),50.4,99.9,47.0,32.0,3.11,1.88,8.40,131.98,2.06
Enthusiast_4xGen5,Mamba_405B,True,128,810.0,48.6,10.1,25.2,260.24,1032.19,243.00,268.73,460.30,Compute-bound (matmul),40.6,161.2,37.9,42.0,3.11,1.88,8.40,106.44,0.83
Enthusiast_4xGen5,Mamba_405B,True,256,810.0,48.6,10.1,25.2,260.24,2064.38,243.00,436.55,605.03,Compute-bound (matmul),30.9,245.2,28.9,51.9,3.11,1.88,8.40,80.98,0.32
Azure_Lasv4,Mamba_7B,False,1,14.0,0.8,0.2,16.0,1.78,0.38,0.93,3.53,32.08,Compute-bound (matmul),4.0,0.9,2.1,7.9,3.11,1.88,1.00,181.80,181.80
Azure_Lasv4,Mamba_7B,False,2,14.0,0.8,0.2,16.0,1.78,0.77,0.93,5.74,33.98,Compute-bound (matmul),3.8,1.6,2.0,12.1,3.11,1.88,1.00,171.62,85.81
Azure_Lasv4,Mamba_7B,False,4,14.0,0.8,0.2,16.0,1.78,1.54,0.93,9.33,37.08,Compute-bound (matmul),3.4,3.0,1.8,18.1,3.11,1.88,1.00,157.31,39.33
Azure_Lasv4,Mamba_7B,False,8,14.0,0.8,0.2,16.0,1.78,3.07,0.93,15.15,42.10,Compute-bound (matmul),3.0,5.2,1.6,25.9,3.11,1.88,1.00,138.54,17.32
Azure_Lasv4,Mamba_7B,False,16,14.0,0.8,0.2,16.0,1.78,6.14,0.93,24.61,50.26,Compute-bound (matmul),2.5,8.8,1.3,35.2,3.11,1.88,1.00,116.05,7.25
Azure_Lasv4,Mamba_7B,False,32,14.0,0.8,0.2,16.0,1.78,12.29,0.93,39.99,63.52,Compute-bound (matmul),2.0,13.9,1.1,45.2,3.11,1.88,1.00,91.83,2.87
Azure_Lasv4,Mamba_7B,False,64,14.0,0.8,0.2,16.0,1.78,24.58,0.93,64.96,85.05,Compute-bound (matmul),1.5,20.8,0.8,54.9,3.11,1.88,1.00,68.58,1.07
Azure_Lasv4,Mamba_7B,False,128,14.0,0.8,0.2,16.0,1.78,49.15,0.93,105.52,120.03,Compute-bound (matmul),1.1,29.4,0.6,63.2,3.11,1.88,1.00,48.59,0.38
Azure_Lasv4,Mamba_7B,False,256,14.0,0.8,0.2,16.0,1.78,98.30,0.93,171.42,176.86,Compute-bound (matmul),0.7,39.9,0.4,69.7,3.11,1.88,1.00,32.98,0.13
Azure_Lasv4,Mamba_70B,False,1,140.0,8.4,1.7,16.0,17.78,0.96,9.33,35.34,66.73,Compute-bound (matmul),19.1,1.0,10.1,38.1,3.11,1.88,1.00,87.40,87.40
Azure_Lasv4,Mamba_70B,False,2,140.0,8.4,1.7,16.0,17.78,1.92,9.33,57.41,85.76,Compute-bound (matmul),14.9,1.6,7.8,48.1,3.11,1.88,1.00,68.01,34.00
Azure_Lasv4,Mamba_70B,False,4,140.0,8.4,1.7,16.0,17.78,3.84,9.33,93.27,116.68,Compute-bound (matmul),11.0,2.4,5.7,57.4,3.11,1.88,1.00,49.98,12.50
Azure_Lasv4,Mamba_70B,False,8,140.0,8.4,1.7,16.0,17.78,7.68,9.33,151.52,166.91,Compute-bound (matmul),7.7,3.3,4.0,65.2,3.11,1.88,1.00,34.94,4.37
Azure_Lasv4,Mamba_70B,False,16,140.0,8.4,1.7,16.0,17.78,15.36,9.33,246.14,248.51,Compute-bound (matmul),5.1,4.4,2.7,71.2,3.11,1.88,1.00,23.47,1.47
Azure_Lasv4,Mamba_70B,False,32,140.0,8.4,1.7,16.0,17.78,30.72,9.33,399.85,381.07,Compute-bound (matmul),3.4,5.8,1.8,75.4,3.11,1.88,1.00,15.31,0.48
Azure_Lasv4,Mamba_70B,False,64,140.0,8.4,1.7,16.0,17.78,61.44,9.33,649.56,596.42,Compute-bound (matmul),2.1,7.4,1.1,78.3,3.11,1.88,1.00,9.78,0.15
Azure_Lasv4,Mamba_70B,False,128,140.0,8.4,1.7,16.0,17.78,122.88,9.33,1055.21,946.25,Compute-bound (matmul),1.4,9.3,0.7,80.1,3.11,1.88,1.00,6.16,0.05
Azure_Lasv4,Mamba_70B,False,256,140.0,8.4,1.7,16.0,17.78,245.76,9.33,1714.20,1514.54,Compute-bound (matmul),0.8,11.7,0.4,81.3,3.11,1.88,1.00,3.85,0.02
Azure_Lasv4,Mamba_405B,False,1,810.0,48.6,10.1,16.0,102.88,1.51,54.00,204.48,248.75,Compute-bound (matmul),29.7,0.4,15.6,59.1,3.11,1.88,1.00,23.45,23.45
Azure_Lasv4,Mamba_405B,False,2,810.0,48.6,10.1,16.0,102.88,3.02,54.00,332.18,358.87,Compute-bound (matmul),20.6,0.6,10.8,66.5,3.11,1.88,1.00,16.25,8.13
Azure_Lasv4,Mamba_405B,False,4,810.0,48.6,10.1,16.0,102.88,6.05,54.00,539.63,537.77,Compute-bound (matmul),13.7,0.8,7.2,72.1,3.11,1.88,1.00,10.85,2.71
Azure_Lasv4,Mamba_405B,False,8,810.0,48.6,10.1,16.0,102.88,12.10,54.00,876.62,828.39,Compute-bound (matmul),8.9,1.0,4.7,76.0,3.11,1.88,1.00,7.04,0.88
Azure_Lasv4,Mamba_405B,False,16,810.0,48.6,10.1,16.0,102.88,24.19,54.00,1424.08,1300.50,Compute-bound (matmul),5.7,1.3,3.0,78.7,3.11,1.88,1.00,4.48,0.28
Azure_Lasv4,Mamba_405B,False,32,810.0,48.6,10.1,16.0,102.88,48.38,54.00,2313.43,2067.46,Compute-bound (matmul),3.6,1.7,1.9,80.4,3.11,1.88,1.00,2.82,0.09
Azure_Lasv4,Mamba_405B,False,64,810.0,48.6,10.1,16.0,102.88,96.77,54.00,3758.17,3313.37,Compute-bound (matmul),2.2,2.1,1.2,81.5,3.11,1.88,1.00,1.76,0.03
Azure_Lasv4,Mamba_405B,False,128,810.0,48.6,10.1,16.0,102.88,193.54,54.00,6105.17,5337.37,Compute-bound (matmul),1.4,2.6,0.7,82.2,3.11,1.88,1.00,1.09,0.01
Azure_Lasv4,Mamba_405B,False,256,810.0,48.6,10.1,16.0,102.88,387.07,54.00,9917.87,8625.37,Compute-bound (matmul),0.9,3.2,0.4,82.6,3.11,1.88,1.00,0.68,0.00
Azure_Lasv4,Mamba_7B,False,1,14.0,0.8,0.2,16.0,1.78,0.38,4.20,12.83,42.71,Compute-bound (matmul),3.0,0.6,7.1,21.6,3.11,1.88,1.00,136.56,136.56
Azure_Lasv4,Mamba_7B,False,2,14.0,0.8,0.2,16.0,1.78,0.77,4.20,20.85,49.62,Compute-bound (matmul),2.6,1.1,6.1,30.2,3.11,1.88,1.00,117.54,58.77
Azure_Lasv4,Mamba_7B,False,4,14.0,0.8,0.2,16.0,1.78,1.54,4.20,33.87,60.85,Compute-bound (matmul),2.1,1.8,5.0,40.0,3.11,1.88,1.00,95.85,23.96
Azure_Lasv4,Mamba_7B,False,8,14.0,0.8,0.2,16.0,1.78,3.07,4.20,55.02,79.09,Compute-bound (matmul),1.6,2.8,3.8,50.0,3.11,1.88,1.00,73.74,9.22
Azure_Lasv4,Mamba_7B,False,16,14.0,0.8,0.2,16.0,1.78,6.14,4.20,89.38,108.72,Compute-bound (matmul),1.2,4.1,2.8,59.1,3.11,1.88,1.00,53.65,3.35
Azure_Lasv4,Mamba_7B,False,32,14.0,0.8,0.2,16.0,1.78,12.29,4.20,145.20,156.86,Compute-bound (matmul),0.8,5.6,1.9,66.5,3.11,1.88,1.00,37.18,1.16
Azure_Lasv4,Mamba_7B,False,64,14.0,0.8,0.2,16.0,1.78,24.58,4.20,235.88,235.06,Compute-bound (matmul),0.5,7.5,1.3,72.1,3.11,1.88,1.00,24.81,0.39
Azure_Lasv4,Mamba_7B,False,128,14.0,0.8,0.2,16.0,1.78,49.15,4.20,383.19,362.09,Compute-bound (matmul),0.4,9.8,0.8,76.1,3.11,1.88,1.00,16.11,0.13
Azure_Lasv4,Mamba_7B,False,256,14.0,0.8,0.2,16.0,1.78,98.30,4.20,622.49,568.46,Compute-bound (matmul),0.2,12.4,0.5,78.7,3.11,1.88,1.00,10.26,0.04
Azure_Lasv4,Mamba_70B,False,1,140.0,8.4,1.7,16.0,17.78,0.96,42.00,128.34,173.01,Compute-bound (matmul),7.4,0.4,17.4,53.3,3.11,1.88,1.00,33.71,33.71
Azure_Lasv4,Mamba_70B,False,2,140.0,8.4,1.7,16.0,17.78,1.92,42.00,208.49,242.13,Compute-bound (matmul),5.3,0.6,12.5,61.9,3.11,1.88,1.00,24.09,12.04
Azure_Lasv4,Mamba_70B,False,4,140.0,8.4,1.7,16.0,17.78,3.84,42.00,338.69,354.42,Compute-bound (matmul),3.6,0.8,8.5,68.7,3.11,1.88,1.00,16.46,4.11
Azure_Lasv4,Mamba_70B,False,8,140.0,8.4,1.7,16.0,17.78,7.68,42.00,550.21,536.82,Compute-bound (matmul),2.4,1.0,5.6,73.7,3.11,1.88,1.00,10.86,1.36
Azure_Lasv4,Mamba_70B,False,16,140.0,8.4,1.7,16.0,17.78,15.36,42.00,893.82,833.14,Compute-bound (matmul),1.5,1.3,3.6,77.1,3.11,1.88,1.00,7.00,0.44
Azure_Lasv4,Mamba_70B,False,32,140.0,8.4,1.7,16.0,17.78,30.72,42.00,1452.01,1314.52,Compute-bound (matmul),1.0,1.7,2.3,79.4,3.11,1.88,1.00,4.44,0.14
Azure_Lasv4,Mamba_70B,False,64,140.0,8.4,1.7,16.0,17.78,61.44,42.00,2358.80,2096.51,Compute-bound (matmul),0.6,2.1,1.4,80.9,3.11,1.88,1.00,2.78,0.04
Azure_Lasv4,Mamba_70B,False,128,140.0,8.4,1.7,16.0,17.78,122.88,42.00,3831.88,3366.86,Compute-bound (matmul),0.4,2.6,0.9,81.8,3.11,1.88,1.00,1.73,0.01
Azure_Lasv4,Mamba_70B,False,256,140.0,8.4,1.7,16.0,17.78,245.76,42.00,6224.90,5430.56,Compute-bound (matmul),0.2,3.3,0.6,82.4,3.11,1.88,1.00,1.07,0.00
Azure_Lasv4,Mamba_405B,False,1,810.0,48.6,10.1,16.0,102.88,1.51,243.00,742.54,863.68,Compute-bound (matmul),8.6,0.1,20.2,61.8,3.11,1.88,1.00,6.75,6.75
Azure_Lasv4,Mamba_405B,False,2,810.0,48.6,10.1,16.0,102.88,3.02,243.00,1206.26,1263.58,Compute-bound (matmul),5.9,0.2,13.8,68.6,3.11,1.88,1.00,4.62,2.31
Azure_Lasv4,Mamba_405B,False,4,810.0,48.6,10.1,16.0,102.88,6.05,243.00,1959.58,1913.22,Compute-bound (matmul),3.9,0.2,9.1,73.6,3.11,1.88,1.00,3.05,0.76
Azure_Lasv4,Mamba_405B,False,8,810.0,48.6,10.1,16.0,102.88,12.10,243.00,3183.35,2968.58,Compute-bound (matmul),2.5,0.3,5.9,77.1,3.11,1.88,1.00,1.96,0.25
Azure_Lasv4,Mamba_405B,False,16,810.0,48.6,10.1,16.0,102.88,24.19,243.00,5171.37,4683.00,Compute-bound (matmul),1.6,0.4,3.7,79.4,3.11,1.88,1.00,1.25,0.08
Azure_Lasv4,Mamba_405B,False,32,810.0,48.6,10.1,16.0,102.88,48.38,243.00,8400.91,7468.09,Compute-bound (matmul),1.0,0.5,2.3,80.8,3.11,1.88,1.00,0.78,0.02
Azure_Lasv4,Mamba_405B,False,64,810.0,48.6,10.1,16.0,102.88,96.77,243.00,13647.32,11992.48,Compute-bound (matmul),0.6,0.6,1.5,81.8,3.11,1.88,1.00,0.49,0.01
Azure_Lasv4,Mamba_405B,False,128,810.0,48.6,10.1,16.0,102.88,193.54,243.00,22170.14,19342.38,Compute-bound (matmul),0.4,0.7,0.9,82.4,3.11,1.88,1.00,0.30,0.00
Azure_Lasv4,Mamba_405B,False,256,810.0,48.6,10.1,16.0,102.88,387.07,243.00,36015.49,31282.32,Compute-bound (matmul),0.2,0.9,0.6,82.7,3.11,1.88,1.00,0.19,0.00
Azure_Lasv4,Mamba_7B,True,1,14.0,0.8,0.2,18.4,6.18,3.07,0.93,3.53,34.23,Compute-bound (matmul),13.0,6.5,2.0,7.4,3.11,1.88,8.40,1431.39,1431.39
Azure_Lasv4,Mamba_7B,True,2,14.0,0.8,0.2,18.4,6.18,6.14,0.93,5.74,36.13,Compute-bound (matmul),12.3,12.2,1.9,11.4,3.11,1.88,8.40,1355.98,677.99
Azure_Lasv4,Mamba_7B,True,4,14.0,0.8,0.2,18.4,6.18,12.29,0.93,9.33,39.22,Compute-bound (matmul),11.3,22.5,1.7,17.1,3.11,1.88,8.40,1249.08,312.27
Azure_Lasv4,Mamba_7B,True,8,14.0,0.8,0.2,18.4,6.18,24.58,0.93,15.15,44.25,Compute-bound (matmul),10.0,39.9,1.5,24.6,3.11,1.88,8.40,1107.28,138.41
Azure_Lasv4,Mamba_7B,True,16,14.0,0.8,0.2,18.4,6.18,49.15,0.93,24.61,52.41,Compute-bound (matmul),8.5,67.4,1.3,33.8,3.11,1.88,8.40,934.87,58.43
Azure_Lasv4,Mamba_7B,True,32,14.0,0.8,0.2,18.4,6.18,98.30,0.93,39.99,65.66,Compute-bound (matmul),6.8,107.6,1.0,43.8,3.11,1.88,8.40,746.13,23.32
Azure_Lasv4,Mamba_7B,True,64,14.0,0.8,0.2,18.4,6.18,196.61,0.93,64.96,87.20,Compute-bound (matmul),5.1,162.0,0.8,53.5,3.11,1.88,8.40,561.86,8.78
Azure_Lasv4,Mamba_7B,True,128,14.0,0.8,0.2,18.4,6.18,393.22,0.93,105.52,122.18,Compute-bound (matmul),3.6,231.3,0.5,62.1,3.11,1.88,8.40,400.99,3.13
Azure_Lasv4,Mamba_7B,True,256,14.0,0.8,0.2,18.4,6.18,786.43,0.93,171.42,179.01,Compute-bound (matmul),2.5,315.7,0.4,68.8,3.11,1.88,8.40,273.69,1.07
Azure_Lasv4,Mamba_70B,True,1,140.0,8.4,1.7,18.4,61.85,7.68,9.33,35.34,72.10,Compute-bound (matmul),61.6,7.7,9.3,35.2,3.11,1.88,8.40,679.55,679.55
Azure_Lasv4,Mamba_70B,True,2,140.0,8.4,1.7,18.4,61.85,15.36,9.33,57.41,91.13,Compute-bound (matmul),48.8,12.1,7.4,45.3,3.11,1.88,8.40,537.62,268.81
Azure_Lasv4,Mamba_70B,True,4,140.0,8.4,1.7,18.4,61.85,30.72,9.33,93.27,122.05,Compute-bound (matmul),36.4,18.1,5.5,54.9,3.11,1.88,8.40,401.41,100.35
Azure_Lasv4,Mamba_70B,True,8,140.0,8.4,1.7,18.4,61.85,61.44,9.33,151.52,172.28,Compute-bound (matmul),25.8,25.6,3.9,63.2,3.11,1.88,8.40,284.38,35.55
Azure_Lasv4,Mamba_70B,True,16,140.0,8.4,1.7,18.4,61.85,122.88,9.33,246.14,253.88,Compute-bound (matmul),17.5,34.8,2.6,69.7,3.11,1.88,8.40,192.97,12.06
Azure_Lasv4,Mamba_70B,True,32,140.0,8.4,1.7,18.4,61.85,245.76,9.33,399.85,386.44,Compute-bound (matmul),11.5,45.7,1.7,74.4,3.11,1.88,8.40,126.78,3.96
Azure_Lasv4,Mamba_70B,True,64,140.0,8.4,1.7,18.4,61.85,491.52,9.33,649.56,601.78,Compute-bound (matmul),7.4,58.7,1.1,77.6,3.11,1.88,8.40,81.41,1.27
Azure_Lasv4,Mamba_70B,True,128,140.0,8.4,1.7,18.4,61.85,983.04,9.33,1055.21,951.61,Compute-bound (matmul),4.7,74.2,0.7,79.7,3.11,1.88,8.40,51.48,0.40
Azure_Lasv4,Mamba_70B,True,256,140.0,8.4,1.7,18.4,61.85,1966.08,9.33,1714.20,1519.91,Compute-bound (matmul),2.9,93.0,0.4,81.1,3.11,1.88,8.40,32.23,0.13
Azure_Lasv4,Mamba_405B,True,1,810.0,48.6,10.1,18.4,357.83,12.10,54.00,204.48,285.72,IO-bound (SSD bandwidth),90.0,3.0,13.6,51.4,3.11,1.88,8.40,171.47,171.47
Azure_Lasv4,Mamba_405B,True,2,810.0,48.6,10.1,18.4,357.83,24.19,54.00,332.18,367.32,Compute-bound (matmul),70.0,4.7,10.6,65.0,3.11,1.88,8.40,133.38,66.69
Azure_Lasv4,Mamba_405B,True,4,810.0,48.6,10.1,18.4,357.83,48.38,54.00,539.63,546.22,Compute-bound (matmul),47.1,6.4,7.1,71.0,3.11,1.88,8.40,89.69,22.42
Azure_Lasv4,Mamba_405B,True,8,810.0,48.6,10.1,18.4,357.83,96.77,54.00,876.62,836.84,Compute-bound (matmul),30.7,8.3,4.6,75.3,3.11,1.88,8.40,58.54,7.32
Azure_Lasv4,Mamba_405B,True,16,810.0,48.6,10.1,18.4,357.83,193.54,54.00,1424.08,1308.95,Compute-bound (matmul),19.6,10.6,3.0,78.2,3.11,1.88,8.40,37.43,2.34
Azure_Lasv4,Mamba_405B,True,32,810.0,48.6,10.1,18.4,357.83,387.07,54.00,2313.43,2075.91,Compute-bound (matmul),12.4,13.4,1.9,80.1,3.11,1.88,8.40,23.60,0.74
Azure_Lasv4,Mamba_405B,True,64,810.0,48.6,10.1,18.4,357.83,774.14,54.00,3758.17,3321.82,Compute-bound (matmul),7.7,16.7,1.2,81.3,3.11,1.88,8.40,14.75,0.23
Azure_Lasv4,Mamba_405B,True,128,810.0,48.6,10.1,18.4,357.83,1548.29,54.00,6105.17,5345.82,Compute-bound (matmul),4.8,20.8,0.7,82.1,3.11,1.88,8.40,9.16,0.07
Azure_Lasv4,Mamba_405B,True,256,810.0,48.6,10.1,18.4,357.83,3096.58,54.00,9917.87,8633.82,Compute-bound (matmul),3.0,25.8,0.4,82.6,3.11,1.88,8.40,5.67,0.02
Azure_Lasv4,Mamba_7B,True,1,14.0,0.8,0.2,18.4,6.18,3.07,4.20,12.83,44.86,Compute-bound (matmul),9.9,4.9,6.7,20.6,3.11,1.88,8.40,1092.22,1092.22
Azure_Lasv4,Mamba_7B,True,2,14.0,0.8,0.2,18.4,6.18,6.14,4.20,20.85,51.77,Compute-bound (matmul),8.6,8.5,5.8,28.9,3.11,1.88,8.40,946.39,473.20
Azure_Lasv4,Mamba_7B,True,4,14.0,0.8,0.2,18.4,6.18,12.29,4.20,33.87,63.00,Compute-bound (matmul),7.1,14.0,4.8,38.6,3.11,1.88,8.40,777.71,194.43
Azure_Lasv4,Mamba_7B,True,8,14.0,0.8,0.2,18.4,6.18,24.58,4.20,55.02,81.24,Compute-bound (matmul),5.5,21.7,3.7,48.7,3.11,1.88,8.40,603.08,75.39
Azure_Lasv4,Mamba_7B,True,16,14.0,0.8,0.2,18.4,6.18,49.15,4.20,89.38,110.87,Compute-bound (matmul),4.0,31.9,2.7,57.9,3.11,1.88,8.40,441.90,27.62
Azure_Lasv4,Mamba_7B,True,32,14.0,0.8,0.2,18.4,6.18,98.30,4.20,145.20,159.01,Compute-bound (matmul),2.8,44.4,1.9,65.6,3.11,1.88,8.40,308.12,9.63
Azure_Lasv4,Mamba_7B,True,64,14.0,0.8,0.2,18.4,6.18,196.61,4.20,235.88,237.21,Compute-bound (matmul),1.9,59.6,1.3,71.5,3.11,1.88,8.40,206.54,3.23
Azure_Lasv4,Mamba_7B,True,128,14.0,0.8,0.2,18.4,6.18,393.22,4.20,383.19,364.24,Compute-bound (matmul),1.2,77.6,0.8,75.6,3.11,1.88,8.40,134.51,1.05
Azure_Lasv4,Mamba_7B,True,256,14.0,0.8,0.2,18.4,6.18,786.43,4.20,622.49,570.61,Compute-bound (matmul),0.8,99.0,0.5,78.4,3.11,1.88,8.40,85.86,0.34
Azure_Lasv4,Mamba_70B,True,1,140.0,8.4,1.7,18.4,61.85,7.68,42.00,128.34,178.38,Compute-bound (matmul),24.9,3.1,16.9,51.7,3.11,1.88,8.40,274.65,274.65
Azure_Lasv4,Mamba_70B,True,2,140.0,8.4,1.7,18.4,61.85,15.36,42.00,208.49,247.50,Compute-bound (matmul),18.0,4.5,12.2,60.5,3.11,1.88,8.40,197.95,98.98
Azure_Lasv4,Mamba_70B,True,4,140.0,8.4,1.7,18.4,61.85,30.72,42.00,338.69,359.78,Compute-bound (matmul),12.4,6.1,8.4,67.7,3.11,1.88,8.40,136.17,34.04
Azure_Lasv4,Mamba_70B,True,8,140.0,8.4,1.7,18.4,61.85,61.44,42.00,550.21,542.19,Compute-bound (matmul),8.2,8.1,5.6,72.9,3.11,1.88,8.40,90.36,11.30
Azure_Lasv4,Mamba_70B,True,16,140.0,8.4,1.7,18.4,61.85,122.88,42.00,893.82,838.51,Compute-bound (matmul),5.3,10.5,3.6,76.6,3.11,1.88,8.40,58.43,3.65
Azure_Lasv4,Mamba_70B,True,32,140.0,8.4,1.7,18.4,61.85,245.76,42.00,1452.01,1319.88,Compute-bound (matmul),3.4,13.4,2.3,79.1,3.11,1.88,8.40,37.12,1.16
Azure_Lasv4,Mamba_70B,True,64,140.0,8.4,1.7,18.4,61.85,491.52,42.00,2358.80,2101.88,Compute-bound (matmul),2.1,16.8,1.4,80.6,3.11,1.88,8.40,23.31,0.36
Azure_Lasv4,Mamba_70B,True,128,140.0,8.4,1.7,18.4,61.85,983.04,42.00,3831.88,3372.23,Compute-bound (matmul),1.3,20.9,0.9,81.7,3.11,1.88,8.40,14.53,0.11
Azure_Lasv4,Mamba_70B,True,256,140.0,8.4,1.7,18.4,61.85,1966.08,42.00,6224.90,5435.92,Compute-bound (matmul),0.8,26.0,0.6,82.3,3.11,1.88,8.40,9.01,0.04
Azure_Lasv4,Mamba_405B,True,1,810.0,48.6,10.1,18.4,357.83,12.10,243.00,742.54,872.13,Compute-bound (matmul),29.5,1.0,20.0,61.2,3.11,1.88,8.40,56.18,56.18
Azure_Lasv4,Mamba_405B,True,2,810.0,48.6,10.1,18.4,357.83,24.19,243.00,1206.26,1272.03,Compute-bound (matmul),20.2,1.4,13.7,68.1,3.11,1.88,8.40,38.52,19.26
Azure_Lasv4,Mamba_405B,True,4,810.0,48.6,10.1,18.4,357.83,48.38,243.00,1959.58,1921.68,Compute-bound (matmul),13.4,1.8,9.1,73.3,3.11,1.88,8.40,25.49,6.37
Azure_Lasv4,Mamba_405B,True,8,810.0,48.6,10.1,18.4,357.83,96.77,243.00,3183.35,2977.03,Compute-bound (matmul),8.6,2.3,5.9,76.8,3.11,1.88,8.40,16.46,2.06
Azure_Lasv4,Mamba_405B,True,16,810.0,48.6,10.1,18.4,357.83,193.54,243.00,5171.37,4691.45,Compute-bound (matmul),5.5,3.0,3.7,79.2,3.11,1.88,8.40,10.44,0.65
Azure_Lasv4,Mamba_405B,True,32,810.0,48.6,10.1,18.4,357.83,387.07,243.00,8400.91,7476.54,Compute-bound (matmul),3.4,3.7,2.3,80.7,3.11,1.88,8.40,6.55,0.20
Azure_Lasv4,Mamba_405B,True,64,810.0,48.6,10.1,18.4,357.83,774.14,243.00,13647.32,12000.93,Compute-bound (matmul),2.1,4.6,1.5,81.7,3.11,1.88,8.40,4.08,0.06
Azure_Lasv4,Mamba_405B,True,128,810.0,48.6,10.1,18.4,357.83,1548.29,243.00,22170.14,19350.83,Compute-bound (matmul),1.3,5.8,0.9,82.3,3.11,1.88,8.40,2.53,0.02
Azure_Lasv4,Mamba_405B,True,256,810.0,48.6,10.1,18.4,357.83,3096.58,243.00,36015.49,31290.77,Compute-bound (matmul),0.8,7.1,0.6,82.7,3.11,1.88,8.40,1.57,0.01
Decentralized_NVMe_oF,Mamba_7B,False,1,14.0,0.8,0.2,30.2,0.94,0.80,0.00,0.09,30.06,Compute-bound (matmul),2.4,2.0,0.0,0.2,3.11,1.88,1.00,194.02,194.02
Decentralized_NVMe_oF,Mamba_7B,False,2,14.0,0.8,0.2,30.2,0.94,1.60,0.00,0.14,30.11,Compute-bound (matmul),2.3,4.0,0.0,0.3,3.11,1.88,1.00,193.71,96.86
Decentralized_NVMe_oF,Mamba_7B,False,4,14.0,0.8,0.2,30.2,0.94,3.20,0.00,0.23,30.19,Compute-bound (matmul),2.3,8.0,0.0,0.6,3.11,1.88,1.00,193.21,48.30
Decentralized_NVMe_oF,Mamba_7B,False,8,14.0,0.8,0.2,30.2,0.94,6.40,0.00,0.37,30.31,Compute-bound (matmul),2.3,15.9,0.0,0.9,3.11,1.88,1.00,192.40,24.05
Decentralized_NVMe_oF,Mamba_7B,False,16,14.0,0.8,0.2,30.2,0.94,12.80,0.00,0.60,30.52,Compute-bound (matmul),2.3,31.6,0.0,1.5,3.11,1.88,1.00,191.09,11.94
Decentralized_NVMe_oF,Mamba_7B,False,32,14.0,0.8,0.2,30.2,0.94,25.60,0.00,0.97,30.86,Compute-bound (matmul),2.3,62.5,0.0,2.4,3.11,1.88,1.00,189.01,5.91
Decentralized_NVMe_oF,Mamba_7B,False,64,14.0,0.8,0.2,30.2,0.94,51.20,0.00,1.57,31.41,Compute-bound (matmul),2.2,122.7,0.0,3.8,3.11,1.88,1.00,185.71,2.90
Decentralized_NVMe_oF,Mamba_7B,False,128,14.0,0.8,0.2,30.2,0.94,102.40,0.00,2.56,32.29,Compute-bound (matmul),2.2,238.7,0.0,6.0,3.11,1.88,1.00,180.60,1.41
Decentralized_NVMe_oF,Mamba_7B,False,256,14.0,0.8,0.2,30.2,0.94,204.80,0.00,4.16,33.74,Compute-bound (matmul),2.1,457.0,0.0,9.3,3.11,1.88,1.00,172.88,0.68
Decentralized_NVMe_oF,Mamba_70B,False,1,140.0,8.4,1.7,30.2,9.38,2.00,0.00,0.86,31.81,Compute-bound (matmul),22.2,4.7,0.0,2.0,3.11,1.88,1.00,183.33,183.33
Decentralized_NVMe_oF,Mamba_70B,False,2,140.0,8.4,1.7,30.2,9.38,4.00,0.00,1.39,32.30,Compute-bound (matmul),21.9,9.3,0.0,3.2,3.11,1.88,1.00,180.59,90.29
Decentralized_NVMe_oF,Mamba_70B,False,4,140.0,8.4,1.7,30.2,9.38,8.00,0.00,2.26,33.08,Compute-bound (matmul),21.4,18.2,0.0,5.1,3.11,1.88,1.00,176.30,44.08
Decentralized_NVMe_oF,Mamba_70B,False,8,140.0,8.4,1.7,30.2,9.38,16.00,0.00,3.67,34.36,Compute-bound (matmul),20.6,35.1,0.0,8.0,3.11,1.88,1.00,169.75,21.22
Decentralized_NVMe_oF,Mamba_70B,False,16,140.0,8.4,1.7,30.2,9.38,32.00,0.00,5.97,36.43,Compute-bound (matmul),19.4,66.1,0.0,12.3,3.11,1.88,1.00,160.10,10.01
Decentralized_NVMe_oF,Mamba_70B,False,32,140.0,8.4,1.7,30.2,9.38,64.00,0.00,9.69,39.80,Compute-bound (matmul),17.8,121.1,0.0,18.3,3.11,1.88,1.00,146.55,4.58
Decentralized_NVMe_oF,Mamba_70B,False,64,140.0,8.4,1.7,30.2,9.38,128.00,0.00,15.75,45.27,Compute-bound (matmul),15.6,212.9,0.0,26.2,3.11,1.88,1.00,128.85,2.01
Decentralized_NVMe_oF,Mamba_70B,False,128,140.0,8.4,1.7,30.2,9.38,256.00,0.00,25.58,54.15,Compute-bound (matmul),13.0,355.9,0.0,35.6,3.11,1.88,1.00,107.71,0.84
Decentralized_NVMe_oF,Mamba_70B,False,256,140.0,8.4,1.7,30.2,9.38,512.00,0.00,41.56,68.58,Compute-bound (matmul),10.3,562.0,0.0,45.6,3.11,1.88,1.00,85.04,0.33
Decentralized_NVMe_oF,Mamba_405B,False,1,810.0,48.6,10.1,30.2,54.30,3.15,0.00,4.96,45.42,IO-bound (SSD bandwidth),90.0,5.2,0.0,8.2,3.11,1.88,1.00,128.41,128.41
Decentralized_NVMe_oF,Mamba_405B,False,2,810.0,48.6,10.1,30.2,54.30,6.30,0.00,8.05,45.42,IO-bound (SSD bandwidth),90.0,10.4,0.0,13.3,3.11,1.88,1.00,128.41,64.21
Decentralized_NVMe_oF,Mamba_405B,False,4,810.0,48.6,10.1,30.2,54.30,12.60,0.00,13.08,45.42,IO-bound (SSD bandwidth),90.0,20.9,0.0,21.7,3.11,1.88,1.00,128.41,32.10
Decentralized_NVMe_oF,Mamba_405B,False,8,810.0,48.6,10.1,30.2,54.30,25.20,0.00,21.25,51.25,Compute-bound (matmul),79.8,37.0,0.0,31.2,3.11,1.88,1.00,113.80,14.22
Decentralized_NVMe_oF,Mamba_405B,False,16,810.0,48.6,10.1,30.2,54.30,50.40,0.00,34.52,63.24,Compute-bound (matmul),64.6,60.0,0.0,41.1,3.11,1.88,1.00,92.22,5.76
Decentralized_NVMe_oF,Mamba_405B,False,32,810.0,48.6,10.1,30.2,54.30,100.80,0.00,56.08,82.72,Compute-bound (matmul),49.4,91.7,0.0,51.0,3.11,1.88,1.00,70.51,2.20
Decentralized_NVMe_oF,Mamba_405B,False,64,810.0,48.6,10.1,30.2,54.30,201.60,0.00,91.11,114.36,Compute-bound (matmul),35.7,132.7,0.0,60.0,3.11,1.88,1.00,51.00,0.80
Decentralized_NVMe_oF,Mamba_405B,False,128,810.0,48.6,10.1,30.2,54.30,403.20,0.00,148.00,165.77,Compute-bound (matmul),24.7,183.1,0.0,67.2,3.11,1.88,1.00,35.18,0.27
Decentralized_NVMe_oF,Mamba_405B,False,256,810.0,48.6,10.1,30.2,54.30,806.40,0.00,240.43,249.27,Compute-bound (matmul),16.4,243.6,0.0,72.6,3.11,1.88,1.00,23.40,0.09
Decentralized_NVMe_oF,Mamba_7B,False,1,14.0,0.8,0.2,30.2,0.94,0.80,0.00,0.16,30.12,Compute-bound (matmul),2.3,2.0,0.0,0.4,3.11,1.88,1.00,193.62,193.62
Decentralized_NVMe_oF,Mamba_7B,False,2,14.0,0.8,0.2,30.2,0.94,1.60,0.00,0.25,30.21,Compute-bound (matmul),2.3,4.0,0.0,0.6,3.11,1.88,1.00,193.06,96.53
Decentralized_NVMe_oF,Mamba_7B,False,4,14.0,0.8,0.2,30.2,0.94,3.20,0.00,0.41,30.35,Compute-bound (matmul),2.3,7.9,0.0,1.0,3.11,1.88,1.00,192.15,48.04
Decentralized_NVMe_oF,Mamba_7B,False,8,14.0,0.8,0.2,30.2,0.94,6.40,0.00,0.67,30.59,Compute-bound (matmul),2.3,15.8,0.0,1.6,3.11,1.88,1.00,190.69,23.84
Decentralized_NVMe_oF,Mamba_7B,False,16,14.0,0.8,0.2,30.2,0.94,12.80,0.00,1.08,30.96,Compute-bound (matmul),2.3,31.1,0.0,2.6,3.11,1.88,1.00,188.38,11.77
Decentralized_NVMe_oF,Mamba_7B,False,32,14.0,0.8,0.2,30.2,0.94,25.60,0.00,1.76,31.57,Compute-bound (matmul),2.2,61.0,0.0,4.2,3.11,1.88,1.00,184.73,5.77
Decentralized_NVMe_oF,Mamba_7B,False,64,14.0,0.8,0.2,30.2,0.94,51.20,0.00,2.86,32.57,Compute-bound (matmul),2.2,118.4,0.0,6.6,3.11,1.88,1.00,179.10,2.80
Decentralized_NVMe_oF,Mamba_7B,False,128,14.0,0.8,0.2,30.2,0.94,102.40,0.00,4.64,34.18,Compute-bound (matmul),2.1,225.6,0.0,10.2,3.11,1.88,1.00,170.64,1.33
Decentralized_NVMe_oF,Mamba_7B,False,256,14.0,0.8,0.2,30.2,0.94,204.80,0.00,7.55,36.80,Compute-bound (matmul),1.9,419.0,0.0,15.4,3.11,1.88,1.00,158.49,0.62
Decentralized_NVMe_oF,Mamba_70B,False,1,140.0,8.4,1.7,30.2,9.38,2.00,0.00,1.56,32.45,Compute-bound (matmul),21.8,4.6,0.0,3.6,3.11,1.88,1.00,179.76,179.76
Decentralized_NVMe_oF,Mamba_70B,False,2,140.0,8.4,1.7,30.2,9.38,4.00,0.00,2.53,33.32,Compute-bound (matmul),21.2,9.0,0.0,5.7,3.11,1.88,1.00,175.03,87.51
Decentralized_NVMe_oF,Mamba_70B,False,4,140.0,8.4,1.7,30.2,9.38,8.00,0.00,4.11,34.75,Compute-bound (matmul),20.3,17.3,0.0,8.9,3.11,1.88,1.00,167.85,41.96
Decentralized_NVMe_oF,Mamba_70B,False,8,140.0,8.4,1.7,30.2,9.38,16.00,0.00,6.67,37.06,Compute-bound (matmul),19.1,32.5,0.0,13.5,3.11,1.88,1.00,157.36,19.67
Decentralized_NVMe_oF,Mamba_70B,False,16,140.0,8.4,1.7,30.2,9.38,32.00,0.00,10.83,40.83,Compute-bound (matmul),17.3,59.0,0.0,20.0,3.11,1.88,1.00,142.85,8.93
Decentralized_NVMe_oF,Mamba_70B,False,32,140.0,8.4,1.7,30.2,9.38,64.00,0.00,17.60,46.94,Compute-bound (matmul),15.1,102.6,0.0,28.2,3.11,1.88,1.00,124.25,3.88
Decentralized_NVMe_oF,Mamba_70B,False,64,140.0,8.4,1.7,30.2,9.38,128.00,0.00,28.59,56.87,Compute-bound (matmul),12.4,169.5,0.0,37.9,3.11,1.88,1.00,102.56,1.60
Decentralized_NVMe_oF,Mamba_70B,False,128,140.0,8.4,1.7,30.2,9.38,256.00,0.00,46.45,73.00,Compute-bound (matmul),9.7,264.0,0.0,47.9,3.11,1.88,1.00,79.89,0.62
Decentralized_NVMe_oF,Mamba_70B,False,256,140.0,8.4,1.7,30.2,9.38,512.00,0.00,75.45,99.21,Compute-bound (matmul),7.1,388.5,0.0,57.3,3.11,1.88,1.00,58.79,0.23
Decentralized_NVMe_oF,Mamba_405B,False,1,810.0,48.6,10.1,30.2,54.30,3.15,0.00,9.00,45.42,IO-bound (SSD bandwidth),90.0,5.2,0.0,14.9,3.11,1.88,1.00,128.41,128.41
Decentralized_NVMe_oF,Mamba_405B,False,2,810.0,48.6,10.1,30.2,54.30,6.30,0.00,14.62,45.42,IO-bound (SSD bandwidth),90.0,10.4,0.0,24.2,3.11,1.88,1.00,128.41,64.21
Decentralized_NVMe_oF,Mamba_405B,False,4,810.0,48.6,10.1,30.2,54.30,12.60,0.00,23.75,53.51,Compute-bound (matmul),76.4,17.7,0.0,33.4,3.11,1.88,1.00,108.99,27.25
Decentralized_NVMe_oF,Mamba_405B,False,8,810.0,48.6,10.1,30.2,54.30,25.20,0.00,38.59,66.91,Compute-bound (matmul),61.1,28.4,0.0,43.4,3.11,1.88,1.00,87.16,10.90
Decentralized_NVMe_oF,Mamba_405B,False,16,810.0,48.6,10.1,30.2,54.30,50.40,0.00,62.68,88.68,Compute-bound (matmul),46.1,42.8,0.0,53.2,3.11,1.88,1.00,65.77,4.11
Decentralized_NVMe_oF,Mamba_405B,False,32,810.0,48.6,10.1,30.2,54.30,100.80,0.00,101.83,124.05,Compute-bound (matmul),33.0,61.2,0.0,61.8,3.11,1.88,1.00,47.02,1.47
Decentralized_NVMe_oF,Mamba_405B,False,64,810.0,48.6,10.1,30.2,54.30,201.60,0.00,165.42,181.50,Compute-bound (matmul),22.5,83.6,0.0,68.6,3.11,1.88,1.00,32.13,0.50
Decentralized_NVMe_oF,Mamba_405B,False,128,810.0,48.6,10.1,30.2,54.30,403.20,0.00,268.73,274.83,Compute-bound (matmul),14.9,110.5,0.0,73.6,3.11,1.88,1.00,21.22,0.17
Decentralized_NVMe_oF,Mamba_405B,False,256,810.0,48.6,10.1,30.2,54.30,806.40,0.00,436.55,426.45,Compute-bound (matmul),9.6,142.4,0.0,77.1,3.11,1.88,1.00,13.68,0.05
Decentralized_NVMe_oF,Mamba_7B,True,1,14.0,0.8,0.2,34.8,3.26,2.56,0.00,0.09,31.53,Compute-bound (matmul),7.8,6.1,0.0,0.2,3.11,1.88,8.40,1553.71,1553.71
Decentralized_NVMe_oF,Mamba_7B,True,2,14.0,0.8,0.2,34.8,3.26,5.12,0.00,0.14,31.58,Compute-bound (matmul),7.8,12.2,0.0,0.3,3.11,1.88,8.40,1551.33,775.67
Decentralized_NVMe_oF,Mamba_7B,True,4,14.0,0.8,0.2,34.8,3.26,10.24,0.00,0.23,31.66,Compute-bound (matmul),7.8,24.4,0.0,0.5,3.11,1.88,8.40,1547.49,386.87
Decentralized_NVMe_oF,Mamba_7B,True,8,14.0,0.8,0.2,34.8,3.26,20.48,0.00,0.37,31.79,Compute-bound (matmul),7.7,48.5,0.0,0.9,3.11,1.88,8.40,1541.27,192.66
Decentralized_NVMe_oF,Mamba_7B,True,16,14.0,0.8,0.2,34.8,3.26,40.96,0.00,0.60,31.99,Compute-bound (matmul),7.7,96.4,0.0,1.4,3.11,1.88,8.40,1531.29,95.71
Decentralized_NVMe_oF,Mamba_7B,True,32,14.0,0.8,0.2,34.8,3.26,81.92,0.00,0.97,32.33,Compute-bound (matmul),7.6,190.8,0.0,2.3,3.11,1.88,8.40,1515.35,47.35
Decentralized_NVMe_oF,Mamba_7B,True,64,14.0,0.8,0.2,34.8,3.26,163.84,0.00,1.57,32.88,Compute-bound (matmul),7.5,375.2,0.0,3.6,3.11,1.88,8.40,1490.14,23.28
Decentralized_NVMe_oF,Mamba_7B,True,128,14.0,0.8,0.2,34.8,3.26,327.68,0.00,2.56,33.77,Compute-bound (matmul),7.3,730.6,0.0,5.7,3.11,1.88,8.40,1450.93,11.34
Decentralized_NVMe_oF,Mamba_7B,True,256,14.0,0.8,0.2,34.8,3.26,655.36,0.00,4.16,35.21,Compute-bound (matmul),7.0,1401.3,0.0,8.9,3.11,1.88,8.40,1391.45,5.44
Decentralized_NVMe_oF,Mamba_70B,True,1,140.0,8.4,1.7,34.8,32.64,6.40,0.00,0.86,35.49,Compute-bound (matmul),69.2,13.6,0.0,1.8,3.11,1.88,8.40,1380.29,1380.29
Decentralized_NVMe_oF,Mamba_70B,True,2,140.0,8.4,1.7,34.8,32.64,12.80,0.00,1.39,35.98,Compute-bound (matmul),68.3,26.8,0.0,2.9,3.11,1.88,8.40,1361.74,680.87
Decentralized_NVMe_oF,Mamba_70B,True,4,140.0,8.4,1.7,34.8,32.64,25.60,0.00,2.26,36.76,Compute-bound (matmul),66.8,52.4,0.0,4.6,3.11,1.88,8.40,1332.65,333.16
Decentralized_NVMe_oF,Mamba_70B,True,8,140.0,8.4,1.7,34.8,32.64,51.20,0.00,3.67,38.04,Compute-bound (matmul),64.6,101.3,0.0,7.3,3.11,1.88,8.40,1287.96,160.99
Decentralized_NVMe_oF,Mamba_70B,True,16,140.0,8.4,1.7,34.8,32.64,102.40,0.00,5.97,40.11,Compute-bound (matmul),61.3,192.2,0.0,11.2,3.11,1.88,8.40,1221.42,76.34
Decentralized_NVMe_oF,Mamba_70B,True,32,140.0,8.4,1.7,34.8,32.64,204.80,0.00,9.69,43.48,Compute-bound (matmul),56.5,354.6,0.0,16.8,3.11,1.88,8.40,1126.84,35.21
Decentralized_NVMe_oF,Mamba_70B,True,64,140.0,8.4,1.7,34.8,32.64,409.60,0.00,15.75,48.95,Compute-bound (matmul),50.2,630.0,0.0,24.2,3.11,1.88,8.40,1000.93,15.64
Decentralized_NVMe_oF,Mamba_70B,True,128,140.0,8.4,1.7,34.8,32.64,819.20,0.00,25.58,57.83,Compute-bound (matmul),42.5,1066.5,0.0,33.3,3.11,1.88,8.40,847.16,6.62
Decentralized_NVMe_oF,Mamba_70B,True,256,140.0,8.4,1.7,34.8,32.64,1638.40,0.00,41.56,72.26,Compute-bound (matmul),34.0,1706.9,0.0,43.3,3.11,1.88,8.40,677.96,2.65
Decentralized_NVMe_oF,Mamba_405B,True,1,810.0,48.6,10.1,34.8,188.85,10.08,0.00,4.96,157.98,IO-bound (SSD bandwidth),90.0,4.8,0.0,2.4,3.11,1.88,8.40,310.12,310.12
Decentralized_NVMe_oF,Mamba_405B,True,2,810.0,48.6,10.1,34.8,188.85,20.16,0.00,8.05,157.98,IO-bound (SSD bandwidth),90.0,9.6,0.0,3.8,3.11,1.88,8.40,310.12,155.06
Decentralized_NVMe_oF,Mamba_405B,True,4,810.0,48.6,10.1,34.8,188.85,40.32,0.00,13.08,157.98,IO-bound (SSD bandwidth),90.0,19.2,0.0,6.2,3.11,1.88,8.40,310.12,77.53
Decentralized_NVMe_oF,Mamba_405B,True,8,810.0,48.6,10.1,34.8,188.85,80.64,0.00,21.25,157.98,IO-bound (SSD bandwidth),90.0,38.4,0.0,10.1,3.11,1.88,8.40,310.12,38.76
Decentralized_NVMe_oF,Mamba_405B,True,16,810.0,48.6,10.1,34.8,188.85,161.28,0.00,34.52,157.98,IO-bound (SSD bandwidth),90.0,76.9,0.0,16.5,3.11,1.88,8.40,310.12,19.38
Decentralized_NVMe_oF,Mamba_405B,True,32,810.0,48.6,10.1,34.8,188.85,322.56,0.00,56.08,157.98,IO-bound (SSD bandwidth),90.0,153.7,0.0,26.7,3.11,1.88,8.40,310.12,9.69
Decentralized_NVMe_oF,Mamba_405B,True,64,810.0,48.6,10.1,34.8,188.85,645.12,0.00,91.11,157.98,IO-bound (SSD bandwidth),90.0,307.4,0.0,43.4,3.11,1.88,8.40,310.12,4.85
Decentralized_NVMe_oF,Mamba_405B,True,128,810.0,48.6,10.1,34.8,188.85,1290.24,0.00,148.00,171.56,Compute-bound (matmul),82.9,566.2,0.0,64.9,3.11,1.88,8.40,285.57,2.23
Decentralized_NVMe_oF,Mamba_405B,True,256,810.0,48.6,10.1,34.8,188.85,2580.48,0.00,240.43,255.07,Compute-bound (matmul),55.7,761.7,0.0,71.0,3.11,1.88,8.40,192.08,0.75
Decentralized_NVMe_oF,Mamba_7B,True,1,14.0,0.8,0.2,34.8,3.26,2.56,0.00,0.16,31.60,Compute-bound (matmul),7.8,6.1,0.0,0.4,3.11,1.88,8.40,1550.61,1550.61
Decentralized_NVMe_oF,Mamba_7B,True,2,14.0,0.8,0.2,34.8,3.26,5.12,0.00,0.25,31.68,Compute-bound (matmul),7.8,12.2,0.0,0.6,3.11,1.88,8.40,1546.31,773.16
Decentralized_NVMe_oF,Mamba_7B,True,4,14.0,0.8,0.2,34.8,3.26,10.24,0.00,0.41,31.83,Compute-bound (matmul),7.7,24.2,0.0,1.0,3.11,1.88,8.40,1539.38,384.85
Decentralized_NVMe_oF,Mamba_7B,True,8,14.0,0.8,0.2,34.8,3.26,20.48,0.00,0.67,32.06,Compute-bound (matmul),7.7,48.1,0.0,1.6,3.11,1.88,8.40,1528.26,191.03
Decentralized_NVMe_oF,Mamba_7B,True,16,14.0,0.8,0.2,34.8,3.26,40.96,0.00,1.08,32.43,Compute-bound (matmul),7.6,95.1,0.0,2.5,3.11,1.88,8.40,1510.53,94.41
Decentralized_NVMe_oF,Mamba_7B,True,32,14.0,0.8,0.2,34.8,3.26,81.92,0.00,1.76,33.05,Compute-bound (matmul),7.4,186.6,0.0,4.0,3.11,1.88,8.40,1482.59,46.33
Decentralized_NVMe_oF,Mamba_7B,True,64,14.0,0.8,0.2,34.8,3.26,163.84,0.00,2.86,34.04,Compute-bound (matmul),7.2,362.4,0.0,6.3,3.11,1.88,8.40,1439.34,22.49
Decentralized_NVMe_oF,Mamba_7B,True,128,14.0,0.8,0.2,34.8,3.26,327.68,0.00,4.64,35.65,Compute-bound (matmul),6.9,692.0,0.0,9.8,3.11,1.88,8.40,1374.21,10.74
Decentralized_NVMe_oF,Mamba_7B,True,256,14.0,0.8,0.2,34.8,3.26,655.36,0.00,7.55,38.27,Compute-bound (matmul),6.4,1289.2,0.0,14.8,3.11,1.88,8.40,1280.11,5.00
Decentralized_NVMe_oF,Mamba_70B,True,1,140.0,8.4,1.7,34.8,32.64,6.40,0.00,1.56,36.13,Compute-bound (matmul),68.0,13.3,0.0,3.2,3.11,1.88,8.40,1356.16,1356.16
Decentralized_NVMe_oF,Mamba_70B,True,2,140.0,8.4,1.7,34.8,32.64,12.80,0.00,2.53,37.00,Compute-bound (matmul),66.4,26.0,0.0,5.1,3.11,1.88,8.40,1323.99,662.00
Decentralized_NVMe_oF,Mamba_70B,True,4,140.0,8.4,1.7,34.8,32.64,25.60,0.00,4.11,38.43,Compute-bound (matmul),63.9,50.2,0.0,8.0,3.11,1.88,8.40,1274.87,318.72
Decentralized_NVMe_oF,Mamba_70B,True,8,140.0,8.4,1.7,34.8,32.64,51.20,0.00,6.67,40.75,Compute-bound (matmul),60.3,94.6,0.0,12.3,3.11,1.88,8.40,1202.40,150.30
Decentralized_NVMe_oF,Mamba_70B,True,16,140.0,8.4,1.7,34.8,32.64,102.40,0.00,10.83,44.51,Compute-bound (matmul),55.2,173.2,0.0,18.3,3.11,1.88,8.40,1100.75,68.80
Decentralized_NVMe_oF,Mamba_70B,True,32,140.0,8.4,1.7,34.8,32.64,204.80,0.00,17.60,50.62,Compute-bound (matmul),48.5,304.6,0.0,26.2,3.11,1.88,8.40,967.83,30.24
Decentralized_NVMe_oF,Mamba_70B,True,64,140.0,8.4,1.7,34.8,32.64,409.60,0.00,28.59,60.55,Compute-bound (matmul),40.6,509.3,0.0,35.5,3.11,1.88,8.40,809.11,12.64
Decentralized_NVMe_oF,Mamba_70B,True,128,140.0,8.4,1.7,34.8,32.64,819.20,0.00,46.45,76.68,Compute-bound (matmul),32.0,804.3,0.0,45.6,3.11,1.88,8.40,638.90,4.99
Decentralized_NVMe_oF,Mamba_70B,True,256,140.0,8.4,1.7,34.8,32.64,1638.40,0.00,75.45,102.89,Compute-bound (matmul),23.9,1198.9,0.0,55.2,3.11,1.88,8.40,476.17,1.86
Decentralized_NVMe_oF,Mamba_405B,True,1,810.0,48.6,10.1,34.8,188.85,10.08,0.00,9.00,157.98,IO-bound (SSD bandwidth),90.0,4.8,0.0,4.3,3.11,1.88,8.40,310.12,310.12
Decentralized_NVMe_oF,Mamba_405B,True,2,810.0,48.6,10.1,34.8,188.85,20.16,0.00,14.62,157.98,IO-bound (SSD bandwidth),90.0,9.6,0.0,7.0,3.11,1.88,8.40,310.12,155.06
Decentralized_NVMe_oF,Mamba_405B,True,4,810.0,48.6,10.1,34.8,188.85,40.32,0.00,23.75,157.98,IO-bound (SSD bandwidth),90.0,19.2,0.0,11.3,3.11,1.88,8.40,310.12,77.53
Decentralized_NVMe_oF,Mamba_405B,True,8,810.0,48.6,10.1,34.8,188.85,80.64,0.00,38.59,157.98,IO-bound (SSD bandwidth),90.0,38.4,0.0,18.4,3.11,1.88,8.40,310.12,38.76
Decentralized_NVMe_oF,Mamba_405B,True,16,810.0,48.6,10.1,34.8,188.85,161.28,0.00,62.68,157.98,IO-bound (SSD bandwidth),90.0,76.9,0.0,29.9,3.11,1.88,8.40,310.12,19.38
Decentralized_NVMe_oF,Mamba_405B,True,32,810.0,48.6,10.1,34.8,188.85,322.56,0.00,101.83,157.98,IO-bound (SSD bandwidth),90.0,153.7,0.0,48.5,3.11,1.88,8.40,310.12,9.69
Decentralized_NVMe_oF,Mamba_405B,True,64,810.0,48.6,10.1,34.8,188.85,645.12,0.00,165.42,187.30,Compute-bound (matmul),75.9,259.3,0.0,66.5,3.11,1.88,8.40,261.57,4.09
Decentralized_NVMe_oF,Mamba_405B,True,128,810.0,48.6,10.1,34.8,188.85,1290.24,0.00,268.73,280.63,Compute-bound (matmul),50.7,346.1,0.0,72.1,3.11,1.88,8.40,174.58,1.36
Decentralized_NVMe_oF,Mamba_405B,True,256,810.0,48.6,10.1,34.8,188.85,2580.48,0.00,436.55,432.25,Compute-bound (matmul),32.9,449.5,0.0,76.0,3.11,1.88,8.40,113.34,0.44
