Model,Size_GB,Num_GPUs,FP8,SD,Batch_Size,Baseline_Transformer_tok_s,Mamba_tok_s,Tok_per_User,KV_Cache_GB,T_Model_Read_ms,T_KV_Read_ms,T_Compute_ms,T_Token_ms
Mamba_7B,14.0,1,False,False,1,4580.6,9161.2,9161.18,0.0000,4.18,0.0000,0.01,4.19
Mamba_7B,14.0,1,True,False,1,4580.6,12825.7,12825.65,0.0000,4.18,0.0000,0.01,4.19
Mamba_7B,14.0,1,True,True,1,4580.6,19238.5,19238.48,0.0000,4.18,0.0000,0.01,4.19
Mamba_70B,140.0,1,False,False,1,669.6,1339.2,1339.22,0.0000,41.79,0.0000,0.14,41.93
Mamba_70B,140.0,2,False,False,1,669.6,2410.6,2410.59,0.0000,41.79,0.0000,0.14,41.93
Mamba_70B,140.0,2,True,False,1,669.6,3374.8,3374.82,0.0000,41.79,0.0000,0.14,41.93
Mamba_70B,140.0,2,True,True,1,669.6,5062.2,5062.24,0.0000,41.79,0.0000,0.14,41.93
Mamba_405B,810.0,4,False,False,1,154.6,1020.3,1020.28,0.0000,241.79,0.0000,0.82,242.61
Mamba_405B,810.0,8,False,False,1,154.6,1530.4,1530.42,0.0000,241.79,0.0000,0.82,242.61
Mamba_405B,810.0,8,True,True,1,154.6,3213.9,3213.88,0.0000,241.79,0.0000,0.82,242.61
