Config,Queue_Depth,Read_Size_GB,NAND_BW_GBs,PCIe_BW_GBs,QD_Efficiency,Raw_BW_GBs,io_uring_Overhead_ms,Thermal_Throttled,Peak_Temp_C,Effective_BW_GBs,Bottleneck
Gen4_TLC,1,1.0,7.00,16.00,0.8875,6.03,5.08,False,55.0,5.85,PCIe
Gen4_TLC,1,10.0,7.00,16.00,0.8875,6.03,50.78,False,55.4,5.85,PCIe
Gen4_TLC,1,100.0,7.00,16.00,0.8875,6.03,507.81,False,59.3,5.85,PCIe
Gen4_TLC,4,1.0,7.00,16.00,1.0000,6.79,5.08,False,55.0,6.56,PCIe
Gen4_TLC,4,10.0,7.00,16.00,1.0000,6.79,50.78,False,55.4,6.56,PCIe
Gen4_TLC,4,100.0,7.00,16.00,1.0000,6.79,507.81,False,58.8,6.56,PCIe
Gen4_TLC,16,1.0,7.00,16.00,1.0000,6.79,5.08,False,55.0,6.56,PCIe
Gen4_TLC,16,10.0,7.00,16.00,1.0000,6.79,50.78,False,55.4,6.56,PCIe
Gen4_TLC,16,100.0,7.00,16.00,1.0000,6.79,507.81,False,58.8,6.56,PCIe
Gen5_TLC,1,1.0,12.00,32.00,0.8875,10.33,5.08,False,55.0,9.82,NAND
Gen5_TLC,1,10.0,12.00,32.00,0.8875,10.33,50.78,False,55.3,9.82,NAND
Gen5_TLC,1,100.0,12.00,32.00,0.8875,10.33,507.81,False,57.5,9.82,NAND
Gen5_TLC,4,1.0,12.00,32.00,1.0000,11.64,5.08,False,55.0,10.99,NAND
Gen5_TLC,4,10.0,12.00,32.00,1.0000,11.64,50.78,False,55.2,10.99,NAND
Gen5_TLC,4,100.0,12.00,32.00,1.0000,11.64,507.81,False,57.3,10.99,NAND
Gen5_TLC,16,1.0,12.00,32.00,1.0000,11.64,5.08,False,55.0,10.99,NAND
Gen5_TLC,16,10.0,12.00,32.00,1.0000,11.64,50.78,False,55.2,10.99,NAND
Gen5_TLC,16,100.0,12.00,32.00,1.0000,11.64,507.81,False,57.3,10.99,NAND
Azure_Lasv4,1,1.0,4.65,16.00,0.8875,4.01,5.08,False,55.1,3.93,NAND
Azure_Lasv4,1,10.0,4.65,16.00,0.8875,4.01,50.78,False,55.6,3.93,NAND
Azure_Lasv4,1,100.0,4.65,16.00,0.8875,4.01,507.81,False,61.4,3.93,NAND
Azure_Lasv4,4,1.0,4.65,16.00,1.0000,4.51,5.08,False,55.1,4.41,NAND
Azure_Lasv4,4,10.0,4.65,16.00,1.0000,4.51,50.78,False,55.6,4.41,NAND
Azure_Lasv4,4,100.0,4.65,16.00,1.0000,4.51,507.81,False,60.7,4.41,NAND
Azure_Lasv4,16,1.0,4.65,16.00,1.0000,4.51,5.08,False,55.1,4.41,NAND
Azure_Lasv4,16,10.0,4.65,16.00,1.0000,4.51,50.78,False,55.6,4.41,NAND
Azure_Lasv4,16,100.0,4.65,16.00,1.0000,4.51,507.81,False,60.7,4.41,NAND
