Batch_Size,Chunks,IO_Per_Layer_ms,Compute_Per_Layer_ms,Total_Per_Layer_ms,Total_Model_ms,GPU_Util_Pct,SSD_Util_Pct,Pipeline_Speedup,Tok_Per_s
1,1,0.245,45.205,45.449,3635.95,99.5,---,1.00x,0.3
1,2,0.183,40.373,40.374,3229.90,1.2,0.0,1.00x,0.3
1,4,0.187,41.226,41.226,3298.11,1.2,0.0,1.00x,0.3
1,8,0.195,53.032,53.033,4242.62,1.2,0.0,1.00x,0.2
1,12,0.203,49.967,49.967,3997.40,1.2,0.0,1.00x,0.3
16,1,0.245,67.234,67.478,5398.27,99.6,---,1.00x,3.0
16,2,0.183,59.524,59.525,4761.97,1.2,0.0,1.00x,3.4
16,4,0.187,58.104,58.105,4648.37,1.2,0.0,1.00x,3.4
16,8,0.195,60.289,60.289,4823.14,1.2,0.0,1.00x,3.3
16,12,0.203,55.661,55.661,4452.86,1.2,0.0,1.00x,3.6
64,1,0.245,63.524,63.768,5101.46,99.6,---,1.00x,12.5
64,2,0.183,76.666,76.668,6133.41,1.2,0.0,1.00x,10.4
64,4,0.187,82.121,82.121,6569.69,1.2,0.0,1.00x,9.7
64,8,0.195,90.346,90.346,7227.67,1.2,0.0,1.00x,8.9
64,12,0.203,108.825,108.825,8706.01,1.2,0.0,1.00x,7.4
