Prediction_Accuracy,Prefetch_Fraction,Avg_Read_ms,Token_Time_ms,Tok_per_s,BW_Saved_Pct,Speedup
0.5,0.2,375.00,775.00,1.29,40.0,1.32
0.5,0.3,406.25,806.25,1.24,35.0,1.27
0.5,0.4,437.50,837.50,1.19,30.0,1.22
0.5,0.5,468.75,868.75,1.15,25.0,1.18
0.5,0.6,500.00,900.00,1.11,20.0,1.14
0.5,0.7,531.25,931.25,1.07,15.0,1.10
0.6,0.2,325.00,725.00,1.38,48.0,1.41
0.6,0.3,362.50,762.50,1.31,42.0,1.34
0.6,0.4,400.00,800.00,1.25,36.0,1.28
0.6,0.5,437.50,837.50,1.19,30.0,1.22
0.6,0.6,475.00,875.00,1.14,24.0,1.17
0.6,0.7,512.50,912.50,1.10,18.0,1.12
0.7,0.2,275.00,675.00,1.48,56.0,1.52
0.7,0.3,318.75,718.75,1.39,49.0,1.43
0.7,0.4,362.50,762.50,1.31,42.0,1.34
0.7,0.5,406.25,806.25,1.24,35.0,1.27
0.7,0.6,450.00,850.00,1.18,28.0,1.21
0.7,0.7,493.75,893.75,1.12,21.0,1.15
0.8,0.2,225.00,625.00,1.60,64.0,1.64
0.8,0.3,275.00,675.00,1.48,56.0,1.52
0.8,0.4,325.00,725.00,1.38,48.0,1.41
0.8,0.5,375.00,775.00,1.29,40.0,1.32
0.8,0.6,425.00,825.00,1.21,32.0,1.24
0.8,0.7,475.00,875.00,1.14,24.0,1.17
0.9,0.2,175.00,575.00,1.74,72.0,1.78
0.9,0.3,231.25,631.25,1.58,63.0,1.62
0.9,0.4,287.50,687.50,1.45,54.0,1.49
0.9,0.5,343.75,743.75,1.34,45.0,1.38
0.9,0.6,400.00,800.00,1.25,36.0,1.28
0.9,0.7,456.25,856.25,1.17,27.0,1.20
0.95,0.2,150.00,550.00,1.82,76.0,1.86
0.95,0.3,209.38,609.38,1.64,66.5,1.68
0.95,0.4,268.75,668.75,1.50,57.0,1.53
0.95,0.5,328.12,728.12,1.37,47.5,1.41
0.95,0.6,387.50,787.50,1.27,38.0,1.30
0.95,0.7,446.88,846.88,1.18,28.5,1.21
