Acceptance_Rate,Cache_Depth,Cache_Hit_Prob,Spec_Overhead_ms,Tok_per_s,Speedup_vs_Baseline
0.3,4,0.9107,4.00,2.17,2.23
0.3,8,0.9926,8.00,2.42,2.48
0.3,16,1.0000,12.00,2.43,2.49
0.3,32,1.0000,12.00,2.43,2.49
0.5,4,0.7619,4.00,1.81,1.85
0.5,8,0.9524,8.00,2.28,2.34
0.5,16,1.0000,12.00,2.43,2.49
0.5,32,1.0000,12.00,2.43,2.49
0.6,4,0.6713,4.00,1.64,1.68
0.6,8,0.9130,8.00,2.16,2.22
0.6,16,1.0000,12.00,2.43,2.49
0.6,32,1.0000,12.00,2.43,2.49
0.7,4,0.5780,4.00,1.50,1.54
0.7,8,0.8612,8.00,2.02,2.07
0.7,16,1.0000,12.00,2.43,2.49
0.7,32,1.0000,12.00,2.43,2.49
0.8,4,0.4879,4.00,1.38,1.42
0.8,8,0.8002,8.00,1.88,1.92
0.8,16,1.0000,12.00,2.43,2.49
0.8,32,1.0000,12.00,2.43,2.49
0.9,4,0.4055,4.00,1.29,1.32
0.9,8,0.7340,8.00,1.74,1.78
0.9,16,1.0000,12.00,2.43,2.49
0.9,32,1.0000,12.00,2.43,2.49
